Datetime,EOS
2014-03-08 00:00:00+00:00,76.36
2014-03-09 00:00:00+00:00,83.0
2014-03-10 00:00:00+00:00,73.04
2014-03-11 00:00:00+00:00,71.38
2014-03-12 00:00:00+00:00,67.23
2014-03-13 00:00:00+00:00,63.91
2014-03-14 00:00:00+00:00,68.89
2014-03-15 00:00:00+00:00,75.53
2014-03-16 00:00:00+00:00,74.7
2014-03-17 00:00:00+00:00,73.04
2014-03-18 00:00:00+00:00,69.72
2014-03-19 00:00:00+00:00,69.72
2014-03-20 00:00:00+00:00,77.19
2014-03-21 00:00:00+00:00,68.89
2014-03-22 00:00:00+00:00,73.87
2014-03-23 00:00:00+00:00,75.53
2014-03-24 00:00:00+00:00,78.02
2014-03-25 00:00:00+00:00,72.21
2014-03-26 00:00:00+00:00,75.53
2014-03-27 00:00:00+00:00,73.04
2014-03-28 00:00:00+00:00,67.23
2014-03-29 00:00:00+00:00,75.53
2014-03-30 00:00:00+00:00,77.19
2014-03-31 00:00:00+00:00,73.87
2014-04-01 00:00:00+00:00,70.55
2014-04-02 00:00:00+00:00,71.4
2014-04-03 00:00:00+00:00,73.95
2014-04-04 00:00:00+00:00,72.25
2014-04-05 00:00:00+00:00,77.35
2014-04-06 00:00:00+00:00,83.3
2014-04-07 00:00:00+00:00,77.35
2014-04-08 00:00:00+00:00,70.55
2014-04-09 00:00:00+00:00,71.4
2014-04-10 00:00:00+00:00,73.1
2014-04-11 00:00:00+00:00,73.1
2014-04-12 00:00:00+00:00,79.9
2014-04-13 00:00:00+00:00,85.0
2014-04-14 00:00:00+00:00,74.8
2014-04-15 00:00:00+00:00,73.95
2014-04-16 00:00:00+00:00,76.5
2014-04-17 00:00:00+00:00,76.5
2014-04-18 00:00:00+00:00,75.65
2014-04-19 00:00:00+00:00,73.1
2014-04-20 00:00:00+00:00,82.45
2014-04-21 00:00:00+00:00,85.0
2014-04-22 00:00:00+00:00,74.8
2014-04-23 00:00:00+00:00,71.4
2014-04-24 00:00:00+00:00,72.25
2014-04-25 00:00:00+00:00,70.55
2014-04-26 00:00:00+00:00,72.25
2014-04-27 00:00:00+00:00,81.6
2014-04-28 00:00:00+00:00,78.2
2014-04-29 00:00:00+00:00,68.85
2014-04-30 00:00:00+00:00,71.4
2014-05-01 00:00:00+00:00,78.32
2014-05-02 00:00:00+00:00,80.08
2014-05-03 00:00:00+00:00,81.84
2014-05-04 00:00:00+00:00,80.08
2014-05-05 00:00:00+00:00,74.8
2014-05-06 00:00:00+00:00,77.44
2014-05-07 00:00:00+00:00,73.92
2014-05-08 00:00:00+00:00,81.84
2014-05-09 00:00:00+00:00,83.6
2014-05-10 00:00:00+00:00,86.24
2014-05-11 00:00:00+00:00,86.24
2014-05-12 00:00:00+00:00,77.44
2014-05-13 00:00:00+00:00,75.68
2014-05-14 00:00:00+00:00,73.92
2014-05-15 00:00:00+00:00,72.16
2014-05-16 00:00:00+00:00,69.52
2014-05-17 00:00:00+00:00,75.68
2014-05-18 00:00:00+00:00,88.0
2014-05-19 00:00:00+00:00,80.08
2014-05-20 00:00:00+00:00,76.56
2014-05-21 00:00:00+00:00,67.76
2014-05-22 00:00:00+00:00,74.8
2014-05-23 00:00:00+00:00,77.44
2014-05-24 00:00:00+00:00,80.08
2014-05-25 00:00:00+00:00,85.36
2014-05-26 00:00:00+00:00,80.96
2014-05-27 00:00:00+00:00,74.8
2014-05-28 00:00:00+00:00,70.4
2014-05-29 00:00:00+00:00,71.28
2014-05-30 00:00:00+00:00,69.52
2014-05-31 00:00:00+00:00,80.08
2014-06-01 00:00:00+00:00,74.8
2014-06-02 00:00:00+00:00,66.88
2014-06-03 00:00:00+00:00,69.52
2014-06-04 00:00:00+00:00,66.0
2014-06-05 00:00:00+00:00,66.0
2014-06-06 00:00:00+00:00,69.52
2014-06-07 00:00:00+00:00,71.28
2014-06-08 00:00:00+00:00,73.04
2014-06-09 00:00:00+00:00,67.76
2014-06-10 00:00:00+00:00,70.4
2014-06-11 00:00:00+00:00,78.32
2014-06-12 00:00:00+00:00,65.12
2014-06-13 00:00:00+00:00,65.12
2014-06-14 00:00:00+00:00,72.16
2014-06-15 00:00:00+00:00,72.16
2014-06-16 00:00:00+00:00,61.6
2014-06-17 00:00:00+00:00,66.0
2014-06-18 00:00:00+00:00,63.36
2014-06-19 00:00:00+00:00,69.52
2014-06-20 00:00:00+00:00,66.0
2014-06-21 00:00:00+00:00,74.8
2014-06-22 00:00:00+00:00,79.2
2014-06-23 00:00:00+00:00,73.92
2014-06-24 00:00:00+00:00,84.48
2014-06-25 00:00:00+00:00,83.6
2014-06-26 00:00:00+00:00,83.6
2014-06-27 00:00:00+00:00,80.08
2014-06-28 00:00:00+00:00,78.32
2014-06-29 00:00:00+00:00,88.0
2014-06-30 00:00:00+00:00,82.72
2014-07-01 00:00:00+00:00,84.28
2014-07-02 00:00:00+00:00,81.7
2014-07-03 00:00:00+00:00,82.56
2014-07-04 00:00:00+00:00,79.12
2014-07-05 00:00:00+00:00,84.28
2014-07-06 00:00:00+00:00,81.7
2014-07-07 00:00:00+00:00,82.56
2014-07-08 00:00:00+00:00,81.7
2014-07-09 00:00:00+00:00,77.4
2014-07-10 00:00:00+00:00,72.24
2014-07-11 00:00:00+00:00,76.54
2014-07-12 00:00:00+00:00,79.98
2014-07-13 00:00:00+00:00,86.0
2014-07-14 00:00:00+00:00,76.54
2014-07-15 00:00:00+00:00,80.84
2014-07-16 00:00:00+00:00,76.54
2014-07-17 00:00:00+00:00,74.82
2014-07-18 00:00:00+00:00,73.1
2014-07-19 00:00:00+00:00,78.26
2014-07-20 00:00:00+00:00,84.28
2014-07-21 00:00:00+00:00,80.84
2014-07-22 00:00:00+00:00,79.98
2014-07-23 00:00:00+00:00,74.82
2014-07-24 00:00:00+00:00,72.24
2014-07-25 00:00:00+00:00,69.66
2014-07-26 00:00:00+00:00,78.26
2014-07-27 00:00:00+00:00,82.56
2014-07-28 00:00:00+00:00,82.56
2014-07-29 00:00:00+00:00,84.28
2014-07-30 00:00:00+00:00,73.96
2014-07-31 00:00:00+00:00,73.96
2014-08-01 00:00:00+00:00,74.8
2014-08-02 00:00:00+00:00,85.0
2014-08-03 00:00:00+00:00,85.0
2014-08-04 00:00:00+00:00,73.1
2014-08-05 00:00:00+00:00,78.2
2014-08-06 00:00:00+00:00,73.1
2014-08-07 00:00:00+00:00,78.2
2014-08-08 00:00:00+00:00,75.65
2014-08-09 00:00:00+00:00,76.5
2014-08-10 00:00:00+00:00,78.2
2014-08-11 00:00:00+00:00,82.45
2014-08-12 00:00:00+00:00,71.4
2014-08-13 00:00:00+00:00,71.4
2014-08-14 00:00:00+00:00,68.85
2014-08-15 00:00:00+00:00,77.35
2014-08-16 00:00:00+00:00,73.95
2014-08-17 00:00:00+00:00,79.9
2014-08-18 00:00:00+00:00,77.35
2014-08-19 00:00:00+00:00,77.35
2014-08-20 00:00:00+00:00,76.5
2014-08-21 00:00:00+00:00,72.25
2014-08-22 00:00:00+00:00,72.25
2014-08-23 00:00:00+00:00,84.15
2014-08-24 00:00:00+00:00,82.45
2014-08-25 00:00:00+00:00,79.05
2014-08-26 00:00:00+00:00,77.35
2014-08-27 00:00:00+00:00,70.55
2014-08-28 00:00:00+00:00,73.1
2014-08-29 00:00:00+00:00,73.95
2014-08-30 00:00:00+00:00,77.35
2014-08-31 00:00:00+00:00,81.6
2014-09-01 00:00:00+00:00,70.4
2014-09-02 00:00:00+00:00,71.2
2014-09-03 00:00:00+00:00,66.4
2014-09-04 00:00:00+00:00,71.2
2014-09-05 00:00:00+00:00,65.6
2014-09-06 00:00:00+00:00,73.6
2014-09-07 00:00:00+00:00,70.4
2014-09-08 00:00:00+00:00,71.2
2014-09-09 00:00:00+00:00,64.0
2014-09-10 00:00:00+00:00,65.6
2014-09-11 00:00:00+00:00,68.0
2014-09-12 00:00:00+00:00,65.6
2014-09-13 00:00:00+00:00,70.4
2014-09-14 00:00:00+00:00,74.4
2014-09-15 00:00:00+00:00,80.0
2014-09-16 00:00:00+00:00,78.4
2014-09-17 00:00:00+00:00,71.2
2014-09-18 00:00:00+00:00,71.2
2014-09-19 00:00:00+00:00,68.0
2014-09-20 00:00:00+00:00,77.6
2014-09-21 00:00:00+00:00,76.8
2014-09-22 00:00:00+00:00,72.8
2014-09-23 00:00:00+00:00,65.6
2014-09-24 00:00:00+00:00,64.0
2014-09-25 00:00:00+00:00,69.6
2014-09-26 00:00:00+00:00,72.8
2014-09-27 00:00:00+00:00,70.4
2014-09-28 00:00:00+00:00,74.4
2014-09-29 00:00:00+00:00,72.8
2014-09-30 00:00:00+00:00,66.4
2014-10-01 00:00:00+00:00,63.99
2014-10-02 00:00:00+00:00,64.8
2014-10-03 00:00:00+00:00,67.23
2014-10-04 00:00:00+00:00,72.09
2014-10-05 00:00:00+00:00,72.9
2014-10-06 00:00:00+00:00,81.0
2014-10-07 00:00:00+00:00,65.61
2014-10-08 00:00:00+00:00,64.8
2014-10-09 00:00:00+00:00,61.56
2014-10-10 00:00:00+00:00,69.66
2014-10-11 00:00:00+00:00,68.85
2014-10-12 00:00:00+00:00,71.28
2014-10-13 00:00:00+00:00,69.66
2014-10-14 00:00:00+00:00,63.18
2014-10-15 00:00:00+00:00,67.23
2014-10-16 00:00:00+00:00,64.8
2014-10-17 00:00:00+00:00,66.42
2014-10-18 00:00:00+00:00,71.28
2014-10-19 00:00:00+00:00,72.9
2014-10-20 00:00:00+00:00,63.18
2014-10-21 00:00:00+00:00,66.42
2014-10-22 00:00:00+00:00,66.42
2014-10-23 00:00:00+00:00,67.23
2014-10-24 00:00:00+00:00,68.04
2014-10-25 00:00:00+00:00,67.23
2014-10-26 00:00:00+00:00,72.9
2014-10-27 00:00:00+00:00,69.66
2014-10-28 00:00:00+00:00,63.18
2014-10-29 00:00:00+00:00,67.23
2014-10-30 00:00:00+00:00,63.99
2014-10-31 00:00:00+00:00,63.99
2014-11-01 00:00:00+00:00,59.4
2014-11-02 00:00:00+00:00,61.2
2014-11-03 00:00:00+00:00,55.8
2014-11-04 00:00:00+00:00,56.7
2014-11-05 00:00:00+00:00,54.9
2014-11-06 00:00:00+00:00,61.2
2014-11-07 00:00:00+00:00,56.7
2014-11-08 00:00:00+00:00,61.2
2014-11-09 00:00:00+00:00,64.8
2014-11-10 00:00:00+00:00,63.0
2014-11-11 00:00:00+00:00,64.8
2014-11-12 00:00:00+00:00,59.4
2014-11-13 00:00:00+00:00,57.6
2014-11-14 00:00:00+00:00,55.8
2014-11-15 00:00:00+00:00,65.7
2014-11-16 00:00:00+00:00,68.4
2014-11-17 00:00:00+00:00,61.2
2014-11-18 00:00:00+00:00,60.3
2014-11-19 00:00:00+00:00,54.0
2014-11-20 00:00:00+00:00,61.2
2014-11-21 00:00:00+00:00,62.1
2014-11-22 00:00:00+00:00,69.3
2014-11-23 00:00:00+00:00,74.7
2014-11-24 00:00:00+00:00,72.0
2014-11-25 00:00:00+00:00,68.4
2014-11-26 00:00:00+00:00,68.4
2014-11-27 00:00:00+00:00,73.8
2014-11-28 00:00:00+00:00,90.0
2014-11-29 00:00:00+00:00,75.6
2014-11-30 00:00:00+00:00,76.5
2014-12-01 00:00:00+00:00,84.0
2014-12-02 00:00:00+00:00,73.0
2014-12-03 00:00:00+00:00,70.0
2014-12-04 00:00:00+00:00,72.0
2014-12-05 00:00:00+00:00,77.0
2014-12-06 00:00:00+00:00,73.0
2014-12-07 00:00:00+00:00,82.0
2014-12-08 00:00:00+00:00,77.0
2014-12-09 00:00:00+00:00,74.0
2014-12-10 00:00:00+00:00,68.0
2014-12-11 00:00:00+00:00,73.0
2014-12-12 00:00:00+00:00,77.0
2014-12-13 00:00:00+00:00,76.0
2014-12-14 00:00:00+00:00,84.0
2014-12-15 00:00:00+00:00,75.0
2014-12-16 00:00:00+00:00,73.0
2014-12-17 00:00:00+00:00,72.0
2014-12-18 00:00:00+00:00,74.0
2014-12-19 00:00:00+00:00,75.0
2014-12-20 00:00:00+00:00,82.0
2014-12-21 00:00:00+00:00,83.0
2014-12-22 00:00:00+00:00,80.0
2014-12-23 00:00:00+00:00,73.0
2014-12-24 00:00:00+00:00,73.0
2014-12-25 00:00:00+00:00,100.0
2014-12-26 00:00:00+00:00,90.0
2014-12-27 00:00:00+00:00,90.0
2014-12-28 00:00:00+00:00,88.0
2014-12-29 00:00:00+00:00,81.0
2014-12-30 00:00:00+00:00,78.0
2014-12-31 00:00:00+00:00,69.0
2015-01-01 00:00:00+00:00,73.95
2015-01-02 00:00:00+00:00,85.0
2015-01-03 00:00:00+00:00,83.3
2015-01-04 00:00:00+00:00,82.45
2015-01-05 00:00:00+00:00,77.35
2015-01-06 00:00:00+00:00,77.35
2015-01-07 00:00:00+00:00,73.1
2015-01-08 00:00:00+00:00,73.1
2015-01-09 00:00:00+00:00,77.35
2015-01-10 00:00:00+00:00,76.5
2015-01-11 00:00:00+00:00,77.35
2015-01-12 00:00:00+00:00,73.1
2015-01-13 00:00:00+00:00,68.0
2015-01-14 00:00:00+00:00,69.7
2015-01-15 00:00:00+00:00,70.55
2015-01-16 00:00:00+00:00,71.4
2015-01-17 00:00:00+00:00,77.35
2015-01-18 00:00:00+00:00,77.35
2015-01-19 00:00:00+00:00,73.1
2015-01-20 00:00:00+00:00,69.7
2015-01-21 00:00:00+00:00,71.4
2015-01-22 00:00:00+00:00,68.85
2015-01-23 00:00:00+00:00,66.3
2015-01-24 00:00:00+00:00,72.25
2015-01-25 00:00:00+00:00,69.7
2015-01-26 00:00:00+00:00,64.6
2015-01-27 00:00:00+00:00,68.0
2015-01-28 00:00:00+00:00,68.0
2015-01-29 00:00:00+00:00,68.0
2015-01-30 00:00:00+00:00,69.7
2015-01-31 00:00:00+00:00,73.95
2015-02-01 00:00:00+00:00,67.2
2015-02-02 00:00:00+00:00,60.48
2015-02-03 00:00:00+00:00,60.48
2015-02-04 00:00:00+00:00,62.16
2015-02-05 00:00:00+00:00,60.48
2015-02-06 00:00:00+00:00,84.0
2015-02-07 00:00:00+00:00,73.92
2015-02-08 00:00:00+00:00,74.76
2015-02-09 00:00:00+00:00,67.2
2015-02-10 00:00:00+00:00,63.0
2015-02-11 00:00:00+00:00,63.0
2015-02-12 00:00:00+00:00,59.64
2015-02-13 00:00:00+00:00,61.32
2015-02-14 00:00:00+00:00,59.64
2015-02-15 00:00:00+00:00,66.36
2015-02-16 00:00:00+00:00,63.84
2015-02-17 00:00:00+00:00,61.32
2015-02-18 00:00:00+00:00,59.64
2015-02-19 00:00:00+00:00,58.8
2015-02-20 00:00:00+00:00,62.16
2015-02-21 00:00:00+00:00,63.0
2015-02-22 00:00:00+00:00,72.24
2015-02-23 00:00:00+00:00,60.48
2015-02-24 00:00:00+00:00,60.48
2015-02-25 00:00:00+00:00,60.48
2015-02-26 00:00:00+00:00,58.8
2015-02-27 00:00:00+00:00,59.64
2015-02-28 00:00:00+00:00,63.0
2015-03-01 00:00:00+00:00,78.57
2015-03-02 00:00:00+00:00,73.71
2015-03-03 00:00:00+00:00,75.33
2015-03-04 00:00:00+00:00,71.28
2015-03-05 00:00:00+00:00,71.28
2015-03-06 00:00:00+00:00,69.66
2015-03-07 00:00:00+00:00,78.57
2015-03-08 00:00:00+00:00,79.38
2015-03-09 00:00:00+00:00,68.04
2015-03-10 00:00:00+00:00,68.85
2015-03-11 00:00:00+00:00,71.28
2015-03-12 00:00:00+00:00,63.18
2015-03-13 00:00:00+00:00,63.99
2015-03-14 00:00:00+00:00,71.28
2015-03-15 00:00:00+00:00,81.0
2015-03-16 00:00:00+00:00,72.09
2015-03-17 00:00:00+00:00,68.85
2015-03-18 00:00:00+00:00,69.66
2015-03-19 00:00:00+00:00,63.18
2015-03-20 00:00:00+00:00,64.8
2015-03-21 00:00:00+00:00,70.47
2015-03-22 00:00:00+00:00,70.47
2015-03-23 00:00:00+00:00,69.66
2015-03-24 00:00:00+00:00,72.09
2015-03-25 00:00:00+00:00,70.47
2015-03-26 00:00:00+00:00,71.28
2015-03-27 00:00:00+00:00,70.47
2015-03-28 00:00:00+00:00,73.71
2015-03-29 00:00:00+00:00,75.33
2015-03-30 00:00:00+00:00,76.14
2015-03-31 00:00:00+00:00,68.85
2015-04-01 00:00:00+00:00,70.52
2015-04-02 00:00:00+00:00,69.7
2015-04-03 00:00:00+00:00,73.8
2015-04-04 00:00:00+00:00,74.62
2015-04-05 00:00:00+00:00,82.0
2015-04-06 00:00:00+00:00,75.44
2015-04-07 00:00:00+00:00,69.7
2015-04-08 00:00:00+00:00,67.24
2015-04-09 00:00:00+00:00,67.24
2015-04-10 00:00:00+00:00,67.24
2015-04-11 00:00:00+00:00,70.52
2015-04-12 00:00:00+00:00,67.24
2015-04-13 00:00:00+00:00,68.88
2015-04-14 00:00:00+00:00,65.6
2015-04-15 00:00:00+00:00,65.6
2015-04-16 00:00:00+00:00,69.7
2015-04-17 00:00:00+00:00,68.06
2015-04-18 00:00:00+00:00,70.52
2015-04-19 00:00:00+00:00,65.6
2015-04-20 00:00:00+00:00,66.42
2015-04-21 00:00:00+00:00,64.78
2015-04-22 00:00:00+00:00,65.6
2015-04-23 00:00:00+00:00,60.68
2015-04-24 00:00:00+00:00,63.14
2015-04-25 00:00:00+00:00,63.96
2015-04-26 00:00:00+00:00,77.08
2015-04-27 00:00:00+00:00,68.88
2015-04-28 00:00:00+00:00,64.78
2015-04-29 00:00:00+00:00,65.6
2015-04-30 00:00:00+00:00,67.24
2015-05-01 00:00:00+00:00,63.99
2015-05-02 00:00:00+00:00,69.52
2015-05-03 00:00:00+00:00,67.94
2015-05-04 00:00:00+00:00,67.94
2015-05-05 00:00:00+00:00,61.62
2015-05-06 00:00:00+00:00,67.15
2015-05-07 00:00:00+00:00,66.36
2015-05-08 00:00:00+00:00,67.15
2015-05-09 00:00:00+00:00,68.73
2015-05-10 00:00:00+00:00,69.52
2015-05-11 00:00:00+00:00,66.36
2015-05-12 00:00:00+00:00,65.57
2015-05-13 00:00:00+00:00,62.41
2015-05-14 00:00:00+00:00,71.1
2015-05-15 00:00:00+00:00,70.31
2015-05-16 00:00:00+00:00,67.15
2015-05-17 00:00:00+00:00,75.84
2015-05-18 00:00:00+00:00,71.1
2015-05-19 00:00:00+00:00,65.57
2015-05-20 00:00:00+00:00,68.73
2015-05-21 00:00:00+00:00,63.99
2015-05-22 00:00:00+00:00,71.1
2015-05-23 00:00:00+00:00,67.15
2015-05-24 00:00:00+00:00,68.73
2015-05-25 00:00:00+00:00,69.52
2015-05-26 00:00:00+00:00,64.78
2015-05-27 00:00:00+00:00,67.94
2015-05-28 00:00:00+00:00,71.89
2015-05-29 00:00:00+00:00,67.94
2015-05-30 00:00:00+00:00,75.84
2015-05-31 00:00:00+00:00,79.0
2015-06-01 00:00:00+00:00,76.14
2015-06-02 00:00:00+00:00,68.85
2015-06-03 00:00:00+00:00,74.52
2015-06-04 00:00:00+00:00,70.47
2015-06-05 00:00:00+00:00,72.09
2015-06-06 00:00:00+00:00,69.66
2015-06-07 00:00:00+00:00,73.71
2015-06-08 00:00:00+00:00,73.71
2015-06-09 00:00:00+00:00,76.14
2015-06-10 00:00:00+00:00,73.71
2015-06-11 00:00:00+00:00,72.09
2015-06-12 00:00:00+00:00,68.04
2015-06-13 00:00:00+00:00,76.14
2015-06-14 00:00:00+00:00,81.0
2015-06-15 00:00:00+00:00,70.47
2015-06-16 00:00:00+00:00,75.33
2015-06-17 00:00:00+00:00,72.9
2015-06-18 00:00:00+00:00,72.9
2015-06-19 00:00:00+00:00,66.42
2015-06-20 00:00:00+00:00,76.14
2015-06-21 00:00:00+00:00,71.28
2015-06-22 00:00:00+00:00,77.76
2015-06-23 00:00:00+00:00,73.71
2015-06-24 00:00:00+00:00,74.52
2015-06-25 00:00:00+00:00,70.47
2015-06-26 00:00:00+00:00,68.04
2015-06-27 00:00:00+00:00,74.52
2015-06-28 00:00:00+00:00,76.95
2015-06-29 00:00:00+00:00,71.28
2015-06-30 00:00:00+00:00,70.47
2015-07-01 00:00:00+00:00,73.71
2015-07-02 00:00:00+00:00,74.52
2015-07-03 00:00:00+00:00,68.04
2015-07-04 00:00:00+00:00,68.85
2015-07-05 00:00:00+00:00,75.33
2015-07-06 00:00:00+00:00,69.66
2015-07-07 00:00:00+00:00,73.71
2015-07-08 00:00:00+00:00,73.71
2015-07-09 00:00:00+00:00,74.52
2015-07-10 00:00:00+00:00,72.09
2015-07-11 00:00:00+00:00,72.09
2015-07-12 00:00:00+00:00,72.09
2015-07-13 00:00:00+00:00,72.9
2015-07-14 00:00:00+00:00,68.85
2015-07-15 00:00:00+00:00,76.14
2015-07-16 00:00:00+00:00,71.28
2015-07-17 00:00:00+00:00,66.42
2015-07-18 00:00:00+00:00,76.95
2015-07-19 00:00:00+00:00,81.0
2015-07-20 00:00:00+00:00,72.09
2015-07-21 00:00:00+00:00,79.38
2015-07-22 00:00:00+00:00,68.85
2015-07-23 00:00:00+00:00,69.66
2015-07-24 00:00:00+00:00,71.28
2015-07-25 00:00:00+00:00,71.28
2015-07-26 00:00:00+00:00,72.09
2015-07-27 00:00:00+00:00,73.71
2015-07-28 00:00:00+00:00,74.52
2015-07-29 00:00:00+00:00,73.71
2015-07-30 00:00:00+00:00,74.52
2015-07-31 00:00:00+00:00,74.52
2015-08-01 00:00:00+00:00,70.68
2015-08-02 00:00:00+00:00,73.72
2015-08-03 00:00:00+00:00,71.44
2015-08-04 00:00:00+00:00,72.96
2015-08-05 00:00:00+00:00,71.44
2015-08-06 00:00:00+00:00,72.96
2015-08-07 00:00:00+00:00,66.88
2015-08-08 00:00:00+00:00,72.96
2015-08-09 00:00:00+00:00,72.96
2015-08-10 00:00:00+00:00,70.68
2015-08-11 00:00:00+00:00,72.96
2015-08-12 00:00:00+00:00,69.92
2015-08-13 00:00:00+00:00,71.44
2015-08-14 00:00:00+00:00,70.68
2015-08-15 00:00:00+00:00,74.48
2015-08-16 00:00:00+00:00,72.2
2015-08-17 00:00:00+00:00,75.24
2015-08-18 00:00:00+00:00,74.48
2015-08-19 00:00:00+00:00,72.2
2015-08-20 00:00:00+00:00,68.4
2015-08-21 00:00:00+00:00,76.0
2015-08-22 00:00:00+00:00,68.4
2015-08-23 00:00:00+00:00,71.44
2015-08-24 00:00:00+00:00,65.36
2015-08-25 00:00:00+00:00,69.92
2015-08-26 00:00:00+00:00,69.16
2015-08-27 00:00:00+00:00,72.2
2015-08-28 00:00:00+00:00,66.88
2015-08-29 00:00:00+00:00,70.68
2015-08-30 00:00:00+00:00,72.96
2015-08-31 00:00:00+00:00,64.6
2015-09-01 00:00:00+00:00,59.13
2015-09-02 00:00:00+00:00,60.59
2015-09-03 00:00:00+00:00,54.75
2015-09-04 00:00:00+00:00,62.78
2015-09-05 00:00:00+00:00,63.51
2015-09-06 00:00:00+00:00,65.7
2015-09-07 00:00:00+00:00,62.05
2015-09-08 00:00:00+00:00,54.02
2015-09-09 00:00:00+00:00,58.4
2015-09-10 00:00:00+00:00,59.13
2015-09-11 00:00:00+00:00,60.59
2015-09-12 00:00:00+00:00,60.59
2015-09-13 00:00:00+00:00,64.24
2015-09-14 00:00:00+00:00,56.21
2015-09-15 00:00:00+00:00,58.4
2015-09-16 00:00:00+00:00,57.67
2015-09-17 00:00:00+00:00,53.29
2015-09-18 00:00:00+00:00,56.94
2015-09-19 00:00:00+00:00,59.86
2015-09-20 00:00:00+00:00,57.67
2015-09-21 00:00:00+00:00,58.4
2015-09-22 00:00:00+00:00,54.75
2015-09-23 00:00:00+00:00,53.29
2015-09-24 00:00:00+00:00,62.05
2015-09-25 00:00:00+00:00,58.4
2015-09-26 00:00:00+00:00,61.32
2015-09-27 00:00:00+00:00,73.0
2015-09-28 00:00:00+00:00,64.24
2015-09-29 00:00:00+00:00,63.51
2015-09-30 00:00:00+00:00,59.86
2015-10-01 00:00:00+00:00,57.72
2015-10-02 00:00:00+00:00,62.16
2015-10-03 00:00:00+00:00,63.64
2015-10-04 00:00:00+00:00,63.64
2015-10-05 00:00:00+00:00,62.16
2015-10-06 00:00:00+00:00,59.2
2015-10-07 00:00:00+00:00,59.94
2015-10-08 00:00:00+00:00,59.94
2015-10-09 00:00:00+00:00,59.94
2015-10-10 00:00:00+00:00,71.04
2015-10-11 00:00:00+00:00,72.52
2015-10-12 00:00:00+00:00,67.34
2015-10-13 00:00:00+00:00,68.82
2015-10-14 00:00:00+00:00,65.12
2015-10-15 00:00:00+00:00,67.34
2015-10-16 00:00:00+00:00,68.08
2015-10-17 00:00:00+00:00,74.0
2015-10-18 00:00:00+00:00,71.78
2015-10-19 00:00:00+00:00,66.6
2015-10-20 00:00:00+00:00,65.12
2015-10-21 00:00:00+00:00,61.42
2015-10-22 00:00:00+00:00,63.64
2015-10-23 00:00:00+00:00,60.68
2015-10-24 00:00:00+00:00,66.6
2015-10-25 00:00:00+00:00,61.42
2015-10-26 00:00:00+00:00,62.16
2015-10-27 00:00:00+00:00,64.38
2015-10-28 00:00:00+00:00,62.16
2015-10-29 00:00:00+00:00,57.72
2015-10-30 00:00:00+00:00,60.68
2015-10-31 00:00:00+00:00,62.16
2015-11-01 00:00:00+00:00,57.67
2015-11-02 00:00:00+00:00,51.35
2015-11-03 00:00:00+00:00,52.14
2015-11-04 00:00:00+00:00,48.98
2015-11-05 00:00:00+00:00,52.14
2015-11-06 00:00:00+00:00,54.51
2015-11-07 00:00:00+00:00,56.88
2015-11-08 00:00:00+00:00,57.67
2015-11-09 00:00:00+00:00,52.93
2015-11-10 00:00:00+00:00,52.14
2015-11-11 00:00:00+00:00,48.19
2015-11-12 00:00:00+00:00,52.14
2015-11-13 00:00:00+00:00,48.19
2015-11-14 00:00:00+00:00,52.93
2015-11-15 00:00:00+00:00,56.88
2015-11-16 00:00:00+00:00,54.51
2015-11-17 00:00:00+00:00,52.14
2015-11-18 00:00:00+00:00,52.14
2015-11-19 00:00:00+00:00,50.56
2015-11-20 00:00:00+00:00,55.3
2015-11-21 00:00:00+00:00,60.04
2015-11-22 00:00:00+00:00,63.99
2015-11-23 00:00:00+00:00,57.67
2015-11-24 00:00:00+00:00,53.72
2015-11-25 00:00:00+00:00,54.51
2015-11-26 00:00:00+00:00,63.99
2015-11-27 00:00:00+00:00,79.0
2015-11-28 00:00:00+00:00,65.57
2015-11-29 00:00:00+00:00,65.57
2015-11-30 00:00:00+00:00,62.41
2015-12-01 00:00:00+00:00,62.79
2015-12-02 00:00:00+00:00,61.88
2015-12-03 00:00:00+00:00,60.06
2015-12-04 00:00:00+00:00,60.97
2015-12-05 00:00:00+00:00,70.07
2015-12-06 00:00:00+00:00,75.53
2015-12-07 00:00:00+00:00,67.34
2015-12-08 00:00:00+00:00,63.7
2015-12-09 00:00:00+00:00,62.79
2015-12-10 00:00:00+00:00,60.97
2015-12-11 00:00:00+00:00,64.61
2015-12-12 00:00:00+00:00,74.62
2015-12-13 00:00:00+00:00,72.8
2015-12-14 00:00:00+00:00,62.79
2015-12-15 00:00:00+00:00,70.07
2015-12-16 00:00:00+00:00,63.7
2015-12-17 00:00:00+00:00,66.43
2015-12-18 00:00:00+00:00,64.61
2015-12-19 00:00:00+00:00,73.71
2015-12-20 00:00:00+00:00,72.8
2015-12-21 00:00:00+00:00,67.34
2015-12-22 00:00:00+00:00,67.34
2015-12-23 00:00:00+00:00,65.52
2015-12-24 00:00:00+00:00,70.98
2015-12-25 00:00:00+00:00,91.0
2015-12-26 00:00:00+00:00,86.45
2015-12-27 00:00:00+00:00,78.26
2015-12-28 00:00:00+00:00,78.26
2015-12-29 00:00:00+00:00,77.35
2015-12-30 00:00:00+00:00,70.07
2015-12-31 00:00:00+00:00,56.42
2016-01-01 00:00:00+00:00,51.04
2016-01-02 00:00:00+00:00,58.08
2016-01-03 00:00:00+00:00,58.08
2016-01-04 00:00:00+00:00,53.68
2016-01-05 00:00:00+00:00,48.4
2016-01-06 00:00:00+00:00,50.16
2016-01-07 00:00:00+00:00,50.16
2016-01-08 00:00:00+00:00,53.68
2016-01-09 00:00:00+00:00,55.44
2016-01-10 00:00:00+00:00,49.28
2016-01-11 00:00:00+00:00,45.76
2016-01-12 00:00:00+00:00,46.64
2016-01-13 00:00:00+00:00,56.32
2016-01-14 00:00:00+00:00,88.0
2016-01-15 00:00:00+00:00,78.32
2016-01-16 00:00:00+00:00,77.44
2016-01-17 00:00:00+00:00,68.64
2016-01-18 00:00:00+00:00,62.48
2016-01-19 00:00:00+00:00,59.84
2016-01-20 00:00:00+00:00,53.68
2016-01-21 00:00:00+00:00,56.32
2016-01-22 00:00:00+00:00,53.68
2016-01-23 00:00:00+00:00,58.96
2016-01-24 00:00:00+00:00,58.08
2016-01-25 00:00:00+00:00,52.8
2016-01-26 00:00:00+00:00,53.68
2016-01-27 00:00:00+00:00,50.16
2016-01-28 00:00:00+00:00,49.28
2016-01-29 00:00:00+00:00,51.04
2016-01-30 00:00:00+00:00,52.8
2016-01-31 00:00:00+00:00,57.2
2016-02-01 00:00:00+00:00,64.5
2016-02-02 00:00:00+00:00,75.0
2016-02-03 00:00:00+00:00,69.75
2016-02-04 00:00:00+00:00,66.0
2016-02-05 00:00:00+00:00,64.5
2016-02-06 00:00:00+00:00,67.5
2016-02-07 00:00:00+00:00,75.0
2016-02-08 00:00:00+00:00,65.25
2016-02-09 00:00:00+00:00,61.5
2016-02-10 00:00:00+00:00,63.0
2016-02-11 00:00:00+00:00,64.5
2016-02-12 00:00:00+00:00,66.75
2016-02-13 00:00:00+00:00,69.0
2016-02-14 00:00:00+00:00,68.25
2016-02-15 00:00:00+00:00,58.5
2016-02-16 00:00:00+00:00,62.25
2016-02-17 00:00:00+00:00,62.25
2016-02-18 00:00:00+00:00,72.0
2016-02-19 00:00:00+00:00,69.0
2016-02-20 00:00:00+00:00,65.25
2016-02-21 00:00:00+00:00,70.5
2016-02-22 00:00:00+00:00,64.5
2016-02-23 00:00:00+00:00,63.75
2016-02-24 00:00:00+00:00,55.5
2016-02-25 00:00:00+00:00,59.25
2016-02-26 00:00:00+00:00,66.75
2016-02-27 00:00:00+00:00,68.25
2016-02-28 00:00:00+00:00,71.25
2016-02-29 00:00:00+00:00,62.25
2016-03-01 00:00:00+00:00,60.2
2016-03-02 00:00:00+00:00,63.7
2016-03-03 00:00:00+00:00,62.3
2016-03-04 00:00:00+00:00,60.2
2016-03-05 00:00:00+00:00,66.5
2016-03-06 00:00:00+00:00,67.9
2016-03-07 00:00:00+00:00,63.7
2016-03-08 00:00:00+00:00,61.6
2016-03-09 00:00:00+00:00,58.1
2016-03-10 00:00:00+00:00,57.4
2016-03-11 00:00:00+00:00,63.0
2016-03-12 00:00:00+00:00,70.0
2016-03-13 00:00:00+00:00,67.2
2016-03-14 00:00:00+00:00,60.2
2016-03-15 00:00:00+00:00,61.6
2016-03-16 00:00:00+00:00,60.2
2016-03-17 00:00:00+00:00,56.7
2016-03-18 00:00:00+00:00,60.2
2016-03-19 00:00:00+00:00,65.1
2016-03-20 00:00:00+00:00,65.8
2016-03-21 00:00:00+00:00,67.9
2016-03-22 00:00:00+00:00,64.4
2016-03-23 00:00:00+00:00,62.3
2016-03-24 00:00:00+00:00,59.5
2016-03-25 00:00:00+00:00,63.0
2016-03-26 00:00:00+00:00,65.1
2016-03-27 00:00:00+00:00,67.9
2016-03-28 00:00:00+00:00,67.9
2016-03-29 00:00:00+00:00,63.0
2016-03-30 00:00:00+00:00,58.8
2016-03-31 00:00:00+00:00,56.7
2016-04-01 00:00:00+00:00,58.65
2016-04-02 00:00:00+00:00,68.31
2016-04-03 00:00:00+00:00,65.55
2016-04-04 00:00:00+00:00,60.03
2016-04-05 00:00:00+00:00,60.72
2016-04-06 00:00:00+00:00,62.1
2016-04-07 00:00:00+00:00,57.96
2016-04-08 00:00:00+00:00,60.72
2016-04-09 00:00:00+00:00,66.24
2016-04-10 00:00:00+00:00,61.41
2016-04-11 00:00:00+00:00,62.1
2016-04-12 00:00:00+00:00,60.03
2016-04-13 00:00:00+00:00,58.65
2016-04-14 00:00:00+00:00,57.96
2016-04-15 00:00:00+00:00,61.41
2016-04-16 00:00:00+00:00,66.24
2016-04-17 00:00:00+00:00,62.79
2016-04-18 00:00:00+00:00,62.79
2016-04-19 00:00:00+00:00,57.96
2016-04-20 00:00:00+00:00,56.58
2016-04-21 00:00:00+00:00,59.34
2016-04-22 00:00:00+00:00,61.41
2016-04-23 00:00:00+00:00,61.41
2016-04-24 00:00:00+00:00,69.0
2016-04-25 00:00:00+00:00,65.55
2016-04-26 00:00:00+00:00,58.65
2016-04-27 00:00:00+00:00,64.86
2016-04-28 00:00:00+00:00,60.03
2016-04-29 00:00:00+00:00,58.65
2016-04-30 00:00:00+00:00,66.24
2016-05-01 00:00:00+00:00,65.28
2016-05-02 00:00:00+00:00,61.2
2016-05-03 00:00:00+00:00,68.0
2016-05-04 00:00:00+00:00,58.48
2016-05-05 00:00:00+00:00,58.48
2016-05-06 00:00:00+00:00,58.48
2016-05-07 00:00:00+00:00,63.92
2016-05-08 00:00:00+00:00,65.96
2016-05-09 00:00:00+00:00,61.88
2016-05-10 00:00:00+00:00,61.2
2016-05-11 00:00:00+00:00,63.24
2016-05-12 00:00:00+00:00,60.52
2016-05-13 00:00:00+00:00,59.16
2016-05-14 00:00:00+00:00,61.2
2016-05-15 00:00:00+00:00,65.96
2016-05-16 00:00:00+00:00,60.52
2016-05-17 00:00:00+00:00,63.24
2016-05-18 00:00:00+00:00,58.48
2016-05-19 00:00:00+00:00,59.84
2016-05-20 00:00:00+00:00,58.48
2016-05-21 00:00:00+00:00,65.28
2016-05-22 00:00:00+00:00,61.2
2016-05-23 00:00:00+00:00,62.56
2016-05-24 00:00:00+00:00,62.56
2016-05-25 00:00:00+00:00,59.16
2016-05-26 00:00:00+00:00,58.48
2016-05-27 00:00:00+00:00,57.8
2016-05-28 00:00:00+00:00,63.92
2016-05-29 00:00:00+00:00,63.24
2016-05-30 00:00:00+00:00,65.96
2016-05-31 00:00:00+00:00,59.16
2016-06-01 00:00:00+00:00,57.62
2016-06-02 00:00:00+00:00,60.97
2016-06-03 00:00:00+00:00,60.3
2016-06-04 00:00:00+00:00,64.99
2016-06-05 00:00:00+00:00,64.99
2016-06-06 00:00:00+00:00,58.96
2016-06-07 00:00:00+00:00,60.3
2016-06-08 00:00:00+00:00,58.96
2016-06-09 00:00:00+00:00,60.97
2016-06-10 00:00:00+00:00,58.29
2016-06-11 00:00:00+00:00,63.65
2016-06-12 00:00:00+00:00,67.0
2016-06-13 00:00:00+00:00,60.3
2016-06-14 00:00:00+00:00,61.64
2016-06-15 00:00:00+00:00,58.29
2016-06-16 00:00:00+00:00,54.27
2016-06-17 00:00:00+00:00,62.31
2016-06-18 00:00:00+00:00,66.33
2016-06-19 00:00:00+00:00,66.33
2016-06-20 00:00:00+00:00,60.97
2016-06-21 00:00:00+00:00,60.3
2016-06-22 00:00:00+00:00,60.97
2016-06-23 00:00:00+00:00,58.29
2016-06-24 00:00:00+00:00,58.96
2016-06-25 00:00:00+00:00,64.32
2016-06-26 00:00:00+00:00,63.65
2016-06-27 00:00:00+00:00,61.64
2016-06-28 00:00:00+00:00,60.97
2016-06-29 00:00:00+00:00,61.64
2016-06-30 00:00:00+00:00,60.3
2016-07-01 00:00:00+00:00,59.52
2016-07-02 00:00:00+00:00,61.44
2016-07-03 00:00:00+00:00,64.0
2016-07-04 00:00:00+00:00,60.16
2016-07-05 00:00:00+00:00,62.08
2016-07-06 00:00:00+00:00,58.88
2016-07-07 00:00:00+00:00,56.32
2016-07-08 00:00:00+00:00,56.32
2016-07-09 00:00:00+00:00,53.12
2016-07-10 00:00:00+00:00,60.8
2016-07-11 00:00:00+00:00,58.24
2016-07-12 00:00:00+00:00,57.6
2016-07-13 00:00:00+00:00,58.88
2016-07-14 00:00:00+00:00,55.04
2016-07-15 00:00:00+00:00,54.4
2016-07-16 00:00:00+00:00,53.76
2016-07-17 00:00:00+00:00,62.08
2016-07-18 00:00:00+00:00,59.52
2016-07-19 00:00:00+00:00,54.4
2016-07-20 00:00:00+00:00,55.04
2016-07-21 00:00:00+00:00,56.32
2016-07-22 00:00:00+00:00,55.68
2016-07-23 00:00:00+00:00,58.24
2016-07-24 00:00:00+00:00,58.24
2016-07-25 00:00:00+00:00,59.52
2016-07-26 00:00:00+00:00,55.68
2016-07-27 00:00:00+00:00,58.24
2016-07-28 00:00:00+00:00,58.24
2016-07-29 00:00:00+00:00,58.88
2016-07-30 00:00:00+00:00,58.88
2016-07-31 00:00:00+00:00,61.44
2016-08-01 00:00:00+00:00,49.77
2016-08-02 00:00:00+00:00,51.03
2016-08-03 00:00:00+00:00,46.62
2016-08-04 00:00:00+00:00,48.51
2016-08-05 00:00:00+00:00,49.77
2016-08-06 00:00:00+00:00,45.99
2016-08-07 00:00:00+00:00,47.25
2016-08-08 00:00:00+00:00,45.99
2016-08-09 00:00:00+00:00,46.62
2016-08-10 00:00:00+00:00,47.88
2016-08-11 00:00:00+00:00,44.1
2016-08-12 00:00:00+00:00,47.25
2016-08-13 00:00:00+00:00,45.36
2016-08-14 00:00:00+00:00,47.88
2016-08-15 00:00:00+00:00,47.88
2016-08-16 00:00:00+00:00,48.51
2016-08-17 00:00:00+00:00,47.25
2016-08-18 00:00:00+00:00,47.88
2016-08-19 00:00:00+00:00,47.88
2016-08-20 00:00:00+00:00,47.88
2016-08-21 00:00:00+00:00,46.62
2016-08-22 00:00:00+00:00,47.88
2016-08-23 00:00:00+00:00,49.77
2016-08-24 00:00:00+00:00,49.77
2016-08-25 00:00:00+00:00,63.0
2016-08-26 00:00:00+00:00,52.92
2016-08-27 00:00:00+00:00,52.29
2016-08-28 00:00:00+00:00,55.44
2016-08-29 00:00:00+00:00,54.18
2016-08-30 00:00:00+00:00,51.66
2016-08-31 00:00:00+00:00,47.25
2016-09-01 00:00:00+00:00,56.95
2016-09-02 00:00:00+00:00,55.61
2016-09-03 00:00:00+00:00,55.61
2016-09-04 00:00:00+00:00,59.63
2016-09-05 00:00:00+00:00,54.94
2016-09-06 00:00:00+00:00,55.61
2016-09-07 00:00:00+00:00,52.26
2016-09-08 00:00:00+00:00,54.94
2016-09-09 00:00:00+00:00,56.95
2016-09-10 00:00:00+00:00,58.29
2016-09-11 00:00:00+00:00,58.96
2016-09-12 00:00:00+00:00,60.3
2016-09-13 00:00:00+00:00,55.61
2016-09-14 00:00:00+00:00,54.27
2016-09-15 00:00:00+00:00,67.0
2016-09-16 00:00:00+00:00,59.63
2016-09-17 00:00:00+00:00,60.97
2016-09-18 00:00:00+00:00,60.97
2016-09-19 00:00:00+00:00,58.96
2016-09-20 00:00:00+00:00,56.95
2016-09-21 00:00:00+00:00,54.27
2016-09-22 00:00:00+00:00,54.94
2016-09-23 00:00:00+00:00,58.96
2016-09-24 00:00:00+00:00,54.94
2016-09-25 00:00:00+00:00,60.97
2016-09-26 00:00:00+00:00,54.94
2016-09-27 00:00:00+00:00,55.61
2016-09-28 00:00:00+00:00,56.28
2016-09-29 00:00:00+00:00,49.58
2016-09-30 00:00:00+00:00,52.26
2016-10-01 00:00:00+00:00,59.52
2016-10-02 00:00:00+00:00,64.0
2016-10-03 00:00:00+00:00,58.88
2016-10-04 00:00:00+00:00,61.44
2016-10-05 00:00:00+00:00,56.32
2016-10-06 00:00:00+00:00,53.76
2016-10-07 00:00:00+00:00,55.68
2016-10-08 00:00:00+00:00,62.72
2016-10-09 00:00:00+00:00,60.8
2016-10-10 00:00:00+00:00,62.72
2016-10-11 00:00:00+00:00,55.68
2016-10-12 00:00:00+00:00,58.24
2016-10-13 00:00:00+00:00,56.32
2016-10-14 00:00:00+00:00,58.24
2016-10-15 00:00:00+00:00,60.8
2016-10-16 00:00:00+00:00,59.52
2016-10-17 00:00:00+00:00,57.6
2016-10-18 00:00:00+00:00,57.6
2016-10-19 00:00:00+00:00,56.96
2016-10-20 00:00:00+00:00,52.48
2016-10-21 00:00:00+00:00,53.76
2016-10-22 00:00:00+00:00,59.52
2016-10-23 00:00:00+00:00,62.72
2016-10-24 00:00:00+00:00,58.24
2016-10-25 00:00:00+00:00,55.68
2016-10-26 00:00:00+00:00,56.96
2016-10-27 00:00:00+00:00,55.04
2016-10-28 00:00:00+00:00,56.96
2016-10-29 00:00:00+00:00,64.0
2016-10-30 00:00:00+00:00,60.8
2016-10-31 00:00:00+00:00,55.04
2016-11-01 00:00:00+00:00,45.14
2016-11-02 00:00:00+00:00,45.14
2016-11-03 00:00:00+00:00,44.4
2016-11-04 00:00:00+00:00,42.18
2016-11-05 00:00:00+00:00,46.62
2016-11-06 00:00:00+00:00,45.14
2016-11-07 00:00:00+00:00,40.7
2016-11-08 00:00:00+00:00,40.7
2016-11-09 00:00:00+00:00,37.0
2016-11-10 00:00:00+00:00,42.92
2016-11-11 00:00:00+00:00,45.88
2016-11-12 00:00:00+00:00,48.1
2016-11-13 00:00:00+00:00,47.36
2016-11-14 00:00:00+00:00,52.54
2016-11-15 00:00:00+00:00,50.32
2016-11-16 00:00:00+00:00,48.84
2016-11-17 00:00:00+00:00,53.28
2016-11-18 00:00:00+00:00,48.84
2016-11-19 00:00:00+00:00,51.06
2016-11-20 00:00:00+00:00,54.02
2016-11-21 00:00:00+00:00,56.24
2016-11-22 00:00:00+00:00,53.28
2016-11-23 00:00:00+00:00,52.54
2016-11-24 00:00:00+00:00,63.64
2016-11-25 00:00:00+00:00,74.0
2016-11-26 00:00:00+00:00,59.94
2016-11-27 00:00:00+00:00,65.86
2016-11-28 00:00:00+00:00,62.16
2016-11-29 00:00:00+00:00,51.8
2016-11-30 00:00:00+00:00,50.32
2016-12-01 00:00:00+00:00,51.0
2016-12-02 00:00:00+00:00,48.0
2016-12-03 00:00:00+00:00,57.75
2016-12-04 00:00:00+00:00,60.0
2016-12-05 00:00:00+00:00,55.5
2016-12-06 00:00:00+00:00,57.0
2016-12-07 00:00:00+00:00,54.0
2016-12-08 00:00:00+00:00,51.75
2016-12-09 00:00:00+00:00,53.25
2016-12-10 00:00:00+00:00,54.0
2016-12-11 00:00:00+00:00,61.5
2016-12-12 00:00:00+00:00,54.0
2016-12-13 00:00:00+00:00,52.5
2016-12-14 00:00:00+00:00,51.75
2016-12-15 00:00:00+00:00,51.75
2016-12-16 00:00:00+00:00,50.25
2016-12-17 00:00:00+00:00,57.0
2016-12-18 00:00:00+00:00,62.25
2016-12-19 00:00:00+00:00,55.5
2016-12-20 00:00:00+00:00,55.5
2016-12-21 00:00:00+00:00,57.0
2016-12-22 00:00:00+00:00,53.25
2016-12-23 00:00:00+00:00,50.25
2016-12-24 00:00:00+00:00,55.5
2016-12-25 00:00:00+00:00,75.0
2016-12-26 00:00:00+00:00,66.75
2016-12-27 00:00:00+00:00,60.75
2016-12-28 00:00:00+00:00,58.5
2016-12-29 00:00:00+00:00,53.25
2016-12-30 00:00:00+00:00,57.0
2016-12-31 00:00:00+00:00,49.5
2017-01-01 00:00:00+00:00,60.72
2017-01-02 00:00:00+00:00,69.0
2017-01-03 00:00:00+00:00,65.55
2017-01-04 00:00:00+00:00,63.48
2017-01-05 00:00:00+00:00,62.1
2017-01-06 00:00:00+00:00,62.1
2017-01-07 00:00:00+00:00,64.17
2017-01-08 00:00:00+00:00,60.72
2017-01-09 00:00:00+00:00,56.58
2017-01-10 00:00:00+00:00,57.27
2017-01-11 00:00:00+00:00,58.65
2017-01-12 00:00:00+00:00,56.58
2017-01-13 00:00:00+00:00,56.58
2017-01-14 00:00:00+00:00,58.65
2017-01-15 00:00:00+00:00,60.03
2017-01-16 00:00:00+00:00,60.03
2017-01-17 00:00:00+00:00,53.13
2017-01-18 00:00:00+00:00,54.51
2017-01-19 00:00:00+00:00,52.44
2017-01-20 00:00:00+00:00,57.96
2017-01-21 00:00:00+00:00,55.2
2017-01-22 00:00:00+00:00,59.34
2017-01-23 00:00:00+00:00,56.58
2017-01-24 00:00:00+00:00,51.75
2017-01-25 00:00:00+00:00,55.2
2017-01-26 00:00:00+00:00,55.89
2017-01-27 00:00:00+00:00,52.44
2017-01-28 00:00:00+00:00,55.2
2017-01-29 00:00:00+00:00,57.27
2017-01-30 00:00:00+00:00,55.89
2017-01-31 00:00:00+00:00,53.13
2017-02-01 00:00:00+00:00,54.78
2017-02-02 00:00:00+00:00,58.08
2017-02-03 00:00:00+00:00,55.44
2017-02-04 00:00:00+00:00,63.36
2017-02-05 00:00:00+00:00,64.02
2017-02-06 00:00:00+00:00,56.1
2017-02-07 00:00:00+00:00,57.42
2017-02-08 00:00:00+00:00,59.4
2017-02-09 00:00:00+00:00,56.1
2017-02-10 00:00:00+00:00,54.12
2017-02-11 00:00:00+00:00,60.72
2017-02-12 00:00:00+00:00,60.72
2017-02-13 00:00:00+00:00,55.44
2017-02-14 00:00:00+00:00,52.8
2017-02-15 00:00:00+00:00,64.68
2017-02-16 00:00:00+00:00,64.02
2017-02-17 00:00:00+00:00,60.06
2017-02-18 00:00:00+00:00,60.72
2017-02-19 00:00:00+00:00,66.0
2017-02-20 00:00:00+00:00,59.4
2017-02-21 00:00:00+00:00,55.44
2017-02-22 00:00:00+00:00,59.4
2017-02-23 00:00:00+00:00,53.46
2017-02-24 00:00:00+00:00,61.38
2017-02-25 00:00:00+00:00,62.7
2017-02-26 00:00:00+00:00,62.7
2017-02-27 00:00:00+00:00,60.06
2017-02-28 00:00:00+00:00,54.78
2017-03-01 00:00:00+00:00,50.32
2017-03-02 00:00:00+00:00,51.68
2017-03-03 00:00:00+00:00,51.0
2017-03-04 00:00:00+00:00,54.4
2017-03-05 00:00:00+00:00,55.76
2017-03-06 00:00:00+00:00,50.32
2017-03-07 00:00:00+00:00,49.64
2017-03-08 00:00:00+00:00,50.32
2017-03-09 00:00:00+00:00,51.0
2017-03-10 00:00:00+00:00,52.36
2017-03-11 00:00:00+00:00,55.08
2017-03-12 00:00:00+00:00,55.76
2017-03-13 00:00:00+00:00,54.4
2017-03-14 00:00:00+00:00,51.68
2017-03-15 00:00:00+00:00,53.04
2017-03-16 00:00:00+00:00,49.64
2017-03-17 00:00:00+00:00,49.64
2017-03-18 00:00:00+00:00,54.4
2017-03-19 00:00:00+00:00,57.12
2017-03-20 00:00:00+00:00,53.04
2017-03-21 00:00:00+00:00,55.76
2017-03-22 00:00:00+00:00,57.12
2017-03-23 00:00:00+00:00,59.16
2017-03-24 00:00:00+00:00,62.56
2017-03-25 00:00:00+00:00,68.0
2017-03-26 00:00:00+00:00,68.0
2017-03-27 00:00:00+00:00,57.8
2017-03-28 00:00:00+00:00,59.84
2017-03-29 00:00:00+00:00,55.08
2017-03-30 00:00:00+00:00,54.4
2017-03-31 00:00:00+00:00,53.04
2017-04-01 00:00:00+00:00,65.96
2017-04-02 00:00:00+00:00,65.96
2017-04-03 00:00:00+00:00,59.84
2017-04-04 00:00:00+00:00,59.16
2017-04-05 00:00:00+00:00,59.16
2017-04-06 00:00:00+00:00,60.52
2017-04-07 00:00:00+00:00,55.76
2017-04-08 00:00:00+00:00,66.64
2017-04-09 00:00:00+00:00,68.0
2017-04-10 00:00:00+00:00,66.64
2017-04-11 00:00:00+00:00,59.84
2017-04-12 00:00:00+00:00,57.12
2017-04-13 00:00:00+00:00,58.48
2017-04-14 00:00:00+00:00,59.16
2017-04-15 00:00:00+00:00,59.84
2017-04-16 00:00:00+00:00,64.6
2017-04-17 00:00:00+00:00,63.92
2017-04-18 00:00:00+00:00,57.8
2017-04-19 00:00:00+00:00,57.8
2017-04-20 00:00:00+00:00,60.52
2017-04-21 00:00:00+00:00,62.56
2017-04-22 00:00:00+00:00,65.28
2017-04-23 00:00:00+00:00,59.16
2017-04-24 00:00:00+00:00,63.24
2017-04-25 00:00:00+00:00,63.92
2017-04-26 00:00:00+00:00,60.52
2017-04-27 00:00:00+00:00,55.76
2017-04-28 00:00:00+00:00,59.16
2017-04-29 00:00:00+00:00,58.48
2017-04-30 00:00:00+00:00,64.6
2017-05-01 00:00:00+00:00,64.32
2017-05-02 00:00:00+00:00,64.99
2017-05-03 00:00:00+00:00,59.63
2017-05-04 00:00:00+00:00,61.64
2017-05-05 00:00:00+00:00,61.64
2017-05-06 00:00:00+00:00,62.98
2017-05-07 00:00:00+00:00,66.33
2017-05-08 00:00:00+00:00,67.0
2017-05-09 00:00:00+00:00,62.98
2017-05-10 00:00:00+00:00,61.64
2017-05-11 00:00:00+00:00,56.95
2017-05-12 00:00:00+00:00,60.3
2017-05-13 00:00:00+00:00,62.98
2017-05-14 00:00:00+00:00,62.98
2017-05-15 00:00:00+00:00,58.29
2017-05-16 00:00:00+00:00,56.95
2017-05-17 00:00:00+00:00,56.28
2017-05-18 00:00:00+00:00,54.94
2017-05-19 00:00:00+00:00,54.27
2017-05-20 00:00:00+00:00,59.63
2017-05-21 00:00:00+00:00,58.96
2017-05-22 00:00:00+00:00,56.95
2017-05-23 00:00:00+00:00,56.95
2017-05-24 00:00:00+00:00,58.96
2017-05-25 00:00:00+00:00,60.3
2017-05-26 00:00:00+00:00,57.62
2017-05-27 00:00:00+00:00,61.64
2017-05-28 00:00:00+00:00,62.98
2017-05-29 00:00:00+00:00,57.62
2017-05-30 00:00:00+00:00,58.96
2017-05-31 00:00:00+00:00,60.97
2017-06-01 00:00:00+00:00,46.15
2017-06-02 00:00:00+00:00,48.1
2017-06-03 00:00:00+00:00,48.1
2017-06-04 00:00:00+00:00,48.75
2017-06-05 00:00:00+00:00,46.8
2017-06-06 00:00:00+00:00,45.5
2017-06-07 00:00:00+00:00,46.8
2017-06-08 00:00:00+00:00,46.8
2017-06-09 00:00:00+00:00,47.45
2017-06-10 00:00:00+00:00,49.4
2017-06-11 00:00:00+00:00,50.05
2017-06-12 00:00:00+00:00,49.4
2017-06-13 00:00:00+00:00,52.0
2017-06-14 00:00:00+00:00,48.75
2017-06-15 00:00:00+00:00,46.8
2017-06-16 00:00:00+00:00,48.1
2017-06-17 00:00:00+00:00,48.75
2017-06-18 00:00:00+00:00,49.4
2017-06-19 00:00:00+00:00,46.8
2017-06-20 00:00:00+00:00,47.45
2017-06-21 00:00:00+00:00,46.15
2017-06-22 00:00:00+00:00,49.4
2017-06-23 00:00:00+00:00,48.75
2017-06-24 00:00:00+00:00,52.65
2017-06-25 00:00:00+00:00,53.3
2017-06-26 00:00:00+00:00,56.55
2017-06-27 00:00:00+00:00,50.7
2017-06-28 00:00:00+00:00,52.65
2017-06-29 00:00:00+00:00,65.0
2017-06-30 00:00:00+00:00,53.95
2017-07-01 00:00:00+00:00,58.93
2017-07-02 00:00:00+00:00,63.9
2017-07-03 00:00:00+00:00,71.0
2017-07-04 00:00:00+00:00,64.61
2017-07-05 00:00:00+00:00,56.09
2017-07-06 00:00:00+00:00,61.77
2017-07-07 00:00:00+00:00,56.09
2017-07-08 00:00:00+00:00,57.51
2017-07-09 00:00:00+00:00,61.06
2017-07-10 00:00:00+00:00,53.25
2017-07-11 00:00:00+00:00,58.93
2017-07-12 00:00:00+00:00,53.96
2017-07-13 00:00:00+00:00,51.12
2017-07-14 00:00:00+00:00,49.7
2017-07-15 00:00:00+00:00,56.09
2017-07-16 00:00:00+00:00,55.38
2017-07-17 00:00:00+00:00,53.25
2017-07-18 00:00:00+00:00,52.54
2017-07-19 00:00:00+00:00,53.25
2017-07-20 00:00:00+00:00,51.83
2017-07-21 00:00:00+00:00,54.67
2017-07-22 00:00:00+00:00,51.12
2017-07-23 00:00:00+00:00,55.38
2017-07-24 00:00:00+00:00,58.22
2017-07-25 00:00:00+00:00,51.12
2017-07-26 00:00:00+00:00,57.51
2017-07-27 00:00:00+00:00,51.83
2017-07-28 00:00:00+00:00,54.67
2017-07-29 00:00:00+00:00,53.25
2017-07-30 00:00:00+00:00,53.96
2017-07-31 00:00:00+00:00,53.25
2017-08-01 00:00:00+00:00,64.32
2017-08-02 00:00:00+00:00,66.33
2017-08-03 00:00:00+00:00,60.97
2017-08-04 00:00:00+00:00,64.99
2017-08-05 00:00:00+00:00,64.99
2017-08-06 00:00:00+00:00,64.99
2017-08-07 00:00:00+00:00,67.0
2017-08-08 00:00:00+00:00,66.33
2017-08-09 00:00:00+00:00,66.33
2017-08-10 00:00:00+00:00,60.3
2017-08-11 00:00:00+00:00,59.63
2017-08-12 00:00:00+00:00,62.31
2017-08-13 00:00:00+00:00,64.32
2017-08-14 00:00:00+00:00,58.29
2017-08-15 00:00:00+00:00,64.99
2017-08-16 00:00:00+00:00,59.63
2017-08-17 00:00:00+00:00,60.97
2017-08-18 00:00:00+00:00,61.64
2017-08-19 00:00:00+00:00,62.98
2017-08-20 00:00:00+00:00,60.97
2017-08-21 00:00:00+00:00,61.64
2017-08-22 00:00:00+00:00,60.3
2017-08-23 00:00:00+00:00,59.63
2017-08-24 00:00:00+00:00,60.97
2017-08-25 00:00:00+00:00,60.97
2017-08-26 00:00:00+00:00,61.64
2017-08-27 00:00:00+00:00,60.3
2017-08-28 00:00:00+00:00,59.63
2017-08-29 00:00:00+00:00,67.0
2017-08-30 00:00:00+00:00,60.3
2017-08-31 00:00:00+00:00,59.63
2017-09-01 00:00:00+00:00,56.32
2017-09-02 00:00:00+00:00,56.96
2017-09-03 00:00:00+00:00,64.0
2017-09-04 00:00:00+00:00,62.72
2017-09-05 00:00:00+00:00,56.32
2017-09-06 00:00:00+00:00,53.76
2017-09-07 00:00:00+00:00,56.32
2017-09-08 00:00:00+00:00,53.12
2017-09-09 00:00:00+00:00,53.12
2017-09-10 00:00:00+00:00,58.24
2017-09-11 00:00:00+00:00,53.76
2017-09-12 00:00:00+00:00,51.2
2017-09-13 00:00:00+00:00,53.12
2017-09-14 00:00:00+00:00,53.76
2017-09-15 00:00:00+00:00,49.92
2017-09-16 00:00:00+00:00,55.68
2017-09-17 00:00:00+00:00,55.04
2017-09-18 00:00:00+00:00,56.96
2017-09-19 00:00:00+00:00,52.48
2017-09-20 00:00:00+00:00,55.04
2017-09-21 00:00:00+00:00,53.76
2017-09-22 00:00:00+00:00,51.84
2017-09-23 00:00:00+00:00,52.48
2017-09-24 00:00:00+00:00,56.32
2017-09-25 00:00:00+00:00,53.76
2017-09-26 00:00:00+00:00,54.4
2017-09-27 00:00:00+00:00,53.12
2017-09-28 00:00:00+00:00,55.04
2017-09-29 00:00:00+00:00,53.76
2017-09-30 00:00:00+00:00,57.6
2017-10-01 00:00:00+00:00,57.6
2017-10-02 00:00:00+00:00,55.04
2017-10-03 00:00:00+00:00,50.56
2017-10-04 00:00:00+00:00,53.76
2017-10-05 00:00:00+00:00,55.04
2017-10-06 00:00:00+00:00,53.76
2017-10-07 00:00:00+00:00,57.6
2017-10-08 00:00:00+00:00,60.8
2017-10-09 00:00:00+00:00,54.4
2017-10-10 00:00:00+00:00,55.04
2017-10-11 00:00:00+00:00,56.32
2017-10-12 00:00:00+00:00,58.24
2017-10-13 00:00:00+00:00,56.96
2017-10-14 00:00:00+00:00,58.88
2017-10-15 00:00:00+00:00,57.6
2017-10-16 00:00:00+00:00,53.76
2017-10-17 00:00:00+00:00,57.6
2017-10-18 00:00:00+00:00,55.68
2017-10-19 00:00:00+00:00,55.04
2017-10-20 00:00:00+00:00,57.6
2017-10-21 00:00:00+00:00,64.0
2017-10-22 00:00:00+00:00,56.32
2017-10-23 00:00:00+00:00,55.68
2017-10-24 00:00:00+00:00,57.6
2017-10-25 00:00:00+00:00,56.96
2017-10-26 00:00:00+00:00,55.68
2017-10-27 00:00:00+00:00,58.24
2017-10-28 00:00:00+00:00,56.32
2017-10-29 00:00:00+00:00,60.16
2017-10-30 00:00:00+00:00,60.16
2017-10-31 00:00:00+00:00,56.32
2017-11-01 00:00:00+00:00,43.66
2017-11-02 00:00:00+00:00,45.88
2017-11-03 00:00:00+00:00,43.66
2017-11-04 00:00:00+00:00,43.66
2017-11-05 00:00:00+00:00,45.88
2017-11-06 00:00:00+00:00,41.44
2017-11-07 00:00:00+00:00,43.66
2017-11-08 00:00:00+00:00,47.36
2017-11-09 00:00:00+00:00,45.14
2017-11-10 00:00:00+00:00,39.96
2017-11-11 00:00:00+00:00,50.32
2017-11-12 00:00:00+00:00,51.8
2017-11-13 00:00:00+00:00,43.66
2017-11-14 00:00:00+00:00,46.62
2017-11-15 00:00:00+00:00,48.84
2017-11-16 00:00:00+00:00,42.18
2017-11-17 00:00:00+00:00,43.66
2017-11-18 00:00:00+00:00,45.14
2017-11-19 00:00:00+00:00,50.32
2017-11-20 00:00:00+00:00,48.84
2017-11-21 00:00:00+00:00,51.8
2017-11-22 00:00:00+00:00,51.06
2017-11-23 00:00:00+00:00,58.46
2017-11-24 00:00:00+00:00,74.0
2017-11-25 00:00:00+00:00,59.94
2017-11-26 00:00:00+00:00,57.72
2017-11-27 00:00:00+00:00,58.46
2017-11-28 00:00:00+00:00,51.8
2017-11-29 00:00:00+00:00,50.32
2017-11-30 00:00:00+00:00,46.62
2017-12-01 00:00:00+00:00,58.65
2017-12-02 00:00:00+00:00,60.35
2017-12-03 00:00:00+00:00,72.25
2017-12-04 00:00:00+00:00,68.0
2017-12-05 00:00:00+00:00,63.75
2017-12-06 00:00:00+00:00,67.15
2017-12-07 00:00:00+00:00,63.75
2017-12-08 00:00:00+00:00,62.9
2017-12-09 00:00:00+00:00,66.3
2017-12-10 00:00:00+00:00,66.3
2017-12-11 00:00:00+00:00,66.3
2017-12-12 00:00:00+00:00,66.3
2017-12-13 00:00:00+00:00,77.35
2017-12-14 00:00:00+00:00,79.05
2017-12-15 00:00:00+00:00,68.0
2017-12-16 00:00:00+00:00,72.25
2017-12-17 00:00:00+00:00,69.7
2017-12-18 00:00:00+00:00,68.0
2017-12-19 00:00:00+00:00,79.9
2017-12-20 00:00:00+00:00,70.55
2017-12-21 00:00:00+00:00,69.7
2017-12-22 00:00:00+00:00,65.45
2017-12-23 00:00:00+00:00,63.75
2017-12-24 00:00:00+00:00,62.05
2017-12-25 00:00:00+00:00,85.0
2017-12-26 00:00:00+00:00,79.9
2017-12-27 00:00:00+00:00,70.55
2017-12-28 00:00:00+00:00,73.1
2017-12-29 00:00:00+00:00,64.6
2017-12-30 00:00:00+00:00,66.3
2017-12-31 00:00:00+00:00,58.65
2018-01-01 00:00:00+00:00,55.44
2018-01-02 00:00:00+00:00,62.37
2018-01-03 00:00:00+00:00,65.45
2018-01-04 00:00:00+00:00,60.06
2018-01-05 00:00:00+00:00,56.98
2018-01-06 00:00:00+00:00,63.14
2018-01-07 00:00:00+00:00,63.14
2018-01-08 00:00:00+00:00,59.29
2018-01-09 00:00:00+00:00,58.52
2018-01-10 00:00:00+00:00,56.21
2018-01-11 00:00:00+00:00,60.83
2018-01-12 00:00:00+00:00,64.68
2018-01-13 00:00:00+00:00,77.0
2018-01-14 00:00:00+00:00,63.91
2018-01-15 00:00:00+00:00,58.52
2018-01-16 00:00:00+00:00,57.75
2018-01-17 00:00:00+00:00,58.52
2018-01-18 00:00:00+00:00,53.13
2018-01-19 00:00:00+00:00,54.67
2018-01-20 00:00:00+00:00,65.45
2018-01-21 00:00:00+00:00,59.29
2018-01-22 00:00:00+00:00,55.44
2018-01-23 00:00:00+00:00,62.37
2018-01-24 00:00:00+00:00,55.44
2018-01-25 00:00:00+00:00,55.44
2018-01-26 00:00:00+00:00,50.82
2018-01-27 00:00:00+00:00,52.36
2018-01-28 00:00:00+00:00,56.98
2018-01-29 00:00:00+00:00,53.13
2018-01-30 00:00:00+00:00,53.9
2018-01-31 00:00:00+00:00,50.82
2018-02-01 00:00:00+00:00,53.46
2018-02-02 00:00:00+00:00,55.44
2018-02-03 00:00:00+00:00,54.12
2018-02-04 00:00:00+00:00,60.72
2018-02-05 00:00:00+00:00,54.78
2018-02-06 00:00:00+00:00,54.78
2018-02-07 00:00:00+00:00,49.5
2018-02-08 00:00:00+00:00,50.82
2018-02-09 00:00:00+00:00,50.16
2018-02-10 00:00:00+00:00,50.82
2018-02-11 00:00:00+00:00,54.78
2018-02-12 00:00:00+00:00,54.78
2018-02-13 00:00:00+00:00,49.5
2018-02-14 00:00:00+00:00,47.52
2018-02-15 00:00:00+00:00,48.18
2018-02-16 00:00:00+00:00,48.84
2018-02-17 00:00:00+00:00,52.8
2018-02-18 00:00:00+00:00,56.76
2018-02-19 00:00:00+00:00,53.46
2018-02-20 00:00:00+00:00,54.12
2018-02-21 00:00:00+00:00,49.5
2018-02-22 00:00:00+00:00,49.5
2018-02-23 00:00:00+00:00,47.52
2018-02-24 00:00:00+00:00,52.8
2018-02-25 00:00:00+00:00,55.44
2018-02-26 00:00:00+00:00,66.0
2018-02-27 00:00:00+00:00,57.42
2018-02-28 00:00:00+00:00,58.08
2018-03-01 00:00:00+00:00,62.04
2018-03-02 00:00:00+00:00,57.42
2018-03-03 00:00:00+00:00,62.7
2018-03-04 00:00:00+00:00,64.02
2018-03-05 00:00:00+00:00,61.38
2018-03-06 00:00:00+00:00,59.4
2018-03-07 00:00:00+00:00,60.72
2018-03-08 00:00:00+00:00,66.0
2018-03-09 00:00:00+00:00,60.72
2018-03-10 00:00:00+00:00,58.08
2018-03-11 00:00:00+00:00,61.38
2018-03-12 00:00:00+00:00,64.02
2018-03-13 00:00:00+00:00,62.7
2018-03-14 00:00:00+00:00,60.06
2018-03-15 00:00:00+00:00,54.78
2018-03-16 00:00:00+00:00,56.1
2018-03-17 00:00:00+00:00,58.08
2018-03-18 00:00:00+00:00,62.04
2018-03-19 00:00:00+00:00,58.08
2018-03-20 00:00:00+00:00,58.74
2018-03-21 00:00:00+00:00,60.72
2018-03-22 00:00:00+00:00,63.36
2018-03-23 00:00:00+00:00,62.7
2018-03-24 00:00:00+00:00,64.02
2018-03-25 00:00:00+00:00,65.34
2018-03-26 00:00:00+00:00,60.72
2018-03-27 00:00:00+00:00,60.72
2018-03-28 00:00:00+00:00,60.06
2018-03-29 00:00:00+00:00,61.38
2018-03-30 00:00:00+00:00,63.36
2018-03-31 00:00:00+00:00,60.72
2018-04-01 00:00:00+00:00,50.37
2018-04-02 00:00:00+00:00,52.44
2018-04-03 00:00:00+00:00,48.3
2018-04-04 00:00:00+00:00,46.92
2018-04-05 00:00:00+00:00,48.3
2018-04-06 00:00:00+00:00,49.68
2018-04-07 00:00:00+00:00,46.92
2018-04-08 00:00:00+00:00,47.61
2018-04-09 00:00:00+00:00,49.68
2018-04-10 00:00:00+00:00,50.37
2018-04-11 00:00:00+00:00,54.51
2018-04-12 00:00:00+00:00,58.65
2018-04-13 00:00:00+00:00,51.75
2018-04-14 00:00:00+00:00,51.06
2018-04-15 00:00:00+00:00,54.51
2018-04-16 00:00:00+00:00,49.68
2018-04-17 00:00:00+00:00,45.54
2018-04-18 00:00:00+00:00,49.68
2018-04-19 00:00:00+00:00,50.37
2018-04-20 00:00:00+00:00,51.75
2018-04-21 00:00:00+00:00,50.37
2018-04-22 00:00:00+00:00,53.13
2018-04-23 00:00:00+00:00,53.13
2018-04-24 00:00:00+00:00,62.1
2018-04-25 00:00:00+00:00,57.27
2018-04-26 00:00:00+00:00,53.82
2018-04-27 00:00:00+00:00,57.27
2018-04-28 00:00:00+00:00,69.0
2018-04-29 00:00:00+00:00,68.31
2018-04-30 00:00:00+00:00,61.41
2018-05-01 00:00:00+00:00,69.12
2018-05-02 00:00:00+00:00,67.68
2018-05-03 00:00:00+00:00,64.8
2018-05-04 00:00:00+00:00,62.64
2018-05-05 00:00:00+00:00,63.36
2018-05-06 00:00:00+00:00,62.64
2018-05-07 00:00:00+00:00,63.36
2018-05-08 00:00:00+00:00,61.92
2018-05-09 00:00:00+00:00,61.92
2018-05-10 00:00:00+00:00,61.2
2018-05-11 00:00:00+00:00,64.8
2018-05-12 00:00:00+00:00,58.32
2018-05-13 00:00:00+00:00,62.64
2018-05-14 00:00:00+00:00,62.64
2018-05-15 00:00:00+00:00,59.04
2018-05-16 00:00:00+00:00,61.92
2018-05-17 00:00:00+00:00,61.2
2018-05-18 00:00:00+00:00,59.76
2018-05-19 00:00:00+00:00,55.44
2018-05-20 00:00:00+00:00,59.76
2018-05-21 00:00:00+00:00,60.48
2018-05-22 00:00:00+00:00,60.48
2018-05-23 00:00:00+00:00,61.92
2018-05-24 00:00:00+00:00,66.24
2018-05-25 00:00:00+00:00,61.2
2018-05-26 00:00:00+00:00,56.88
2018-05-27 00:00:00+00:00,66.96
2018-05-28 00:00:00+00:00,68.4
2018-05-29 00:00:00+00:00,72.0
2018-05-30 00:00:00+00:00,69.84
2018-05-31 00:00:00+00:00,66.96
2018-06-01 00:00:00+00:00,56.24
2018-06-02 00:00:00+00:00,74.0
2018-06-03 00:00:00+00:00,69.56
2018-06-04 00:00:00+00:00,55.5
2018-06-05 00:00:00+00:00,49.58
2018-06-06 00:00:00+00:00,49.58
2018-06-07 00:00:00+00:00,48.1
2018-06-08 00:00:00+00:00,50.32
2018-06-09 00:00:00+00:00,59.2
2018-06-10 00:00:00+00:00,56.24
2018-06-11 00:00:00+00:00,53.28
2018-06-12 00:00:00+00:00,51.8
2018-06-13 00:00:00+00:00,51.8
2018-06-14 00:00:00+00:00,48.84
2018-06-15 00:00:00+00:00,48.84
2018-06-16 00:00:00+00:00,46.62
2018-06-17 00:00:00+00:00,48.1
2018-06-18 00:00:00+00:00,48.1
2018-06-19 00:00:00+00:00,46.62
2018-06-20 00:00:00+00:00,45.14
2018-06-21 00:00:00+00:00,45.88
2018-06-22 00:00:00+00:00,44.4
2018-06-23 00:00:00+00:00,46.62
2018-06-24 00:00:00+00:00,46.62
2018-06-25 00:00:00+00:00,48.84
2018-06-26 00:00:00+00:00,45.88
2018-06-27 00:00:00+00:00,44.4
2018-06-28 00:00:00+00:00,47.36
2018-06-29 00:00:00+00:00,45.88
2018-06-30 00:00:00+00:00,43.66
2018-07-01 00:00:00+00:00,55.68
2018-07-02 00:00:00+00:00,56.96
2018-07-03 00:00:00+00:00,58.24
2018-07-04 00:00:00+00:00,60.8
2018-07-05 00:00:00+00:00,54.4
2018-07-06 00:00:00+00:00,53.76
2018-07-07 00:00:00+00:00,52.48
2018-07-08 00:00:00+00:00,56.96
2018-07-09 00:00:00+00:00,58.24
2018-07-10 00:00:00+00:00,60.8
2018-07-11 00:00:00+00:00,56.96
2018-07-12 00:00:00+00:00,53.76
2018-07-13 00:00:00+00:00,56.96
2018-07-14 00:00:00+00:00,54.4
2018-07-15 00:00:00+00:00,53.76
2018-07-16 00:00:00+00:00,63.36
2018-07-17 00:00:00+00:00,64.0
2018-07-18 00:00:00+00:00,60.8
2018-07-19 00:00:00+00:00,56.32
2018-07-20 00:00:00+00:00,55.68
2018-07-21 00:00:00+00:00,57.6
2018-07-22 00:00:00+00:00,62.72
2018-07-23 00:00:00+00:00,60.16
2018-07-24 00:00:00+00:00,58.88
2018-07-25 00:00:00+00:00,58.24
2018-07-26 00:00:00+00:00,59.52
2018-07-27 00:00:00+00:00,62.72
2018-07-28 00:00:00+00:00,59.52
2018-07-29 00:00:00+00:00,59.52
2018-07-30 00:00:00+00:00,60.16
2018-07-31 00:00:00+00:00,58.88
2018-08-01 00:00:00+00:00,57.96
2018-08-02 00:00:00+00:00,59.85
2018-08-03 00:00:00+00:00,51.66
2018-08-04 00:00:00+00:00,55.44
2018-08-05 00:00:00+00:00,57.96
2018-08-06 00:00:00+00:00,58.59
2018-08-07 00:00:00+00:00,58.59
2018-08-08 00:00:00+00:00,63.0
2018-08-09 00:00:00+00:00,54.81
2018-08-10 00:00:00+00:00,54.81
2018-08-11 00:00:00+00:00,56.7
2018-08-12 00:00:00+00:00,55.44
2018-08-13 00:00:00+00:00,57.33
2018-08-14 00:00:00+00:00,58.59
2018-08-15 00:00:00+00:00,55.44
2018-08-16 00:00:00+00:00,57.33
2018-08-17 00:00:00+00:00,53.55
2018-08-18 00:00:00+00:00,56.7
2018-08-19 00:00:00+00:00,57.33
2018-08-20 00:00:00+00:00,52.92
2018-08-21 00:00:00+00:00,57.96
2018-08-22 00:00:00+00:00,54.18
2018-08-23 00:00:00+00:00,57.33
2018-08-24 00:00:00+00:00,52.92
2018-08-25 00:00:00+00:00,57.33
2018-08-26 00:00:00+00:00,54.81
2018-08-27 00:00:00+00:00,53.55
2018-08-28 00:00:00+00:00,57.33
2018-08-29 00:00:00+00:00,57.33
2018-08-30 00:00:00+00:00,52.92
2018-08-31 00:00:00+00:00,56.7
2018-09-01 00:00:00+00:00,41.3
2018-09-02 00:00:00+00:00,40.6
2018-09-03 00:00:00+00:00,42.0
2018-09-04 00:00:00+00:00,39.9
2018-09-05 00:00:00+00:00,70.0
2018-09-06 00:00:00+00:00,55.3
2018-09-07 00:00:00+00:00,44.8
2018-09-08 00:00:00+00:00,43.4
2018-09-09 00:00:00+00:00,43.4
2018-09-10 00:00:00+00:00,40.6
2018-09-11 00:00:00+00:00,37.8
2018-09-12 00:00:00+00:00,39.2
2018-09-13 00:00:00+00:00,37.8
2018-09-14 00:00:00+00:00,37.8
2018-09-15 00:00:00+00:00,38.5
2018-09-16 00:00:00+00:00,37.8
2018-09-17 00:00:00+00:00,39.2
2018-09-18 00:00:00+00:00,37.8
2018-09-19 00:00:00+00:00,37.8
2018-09-20 00:00:00+00:00,33.6
2018-09-21 00:00:00+00:00,35.7
2018-09-22 00:00:00+00:00,37.8
2018-09-23 00:00:00+00:00,39.9
2018-09-24 00:00:00+00:00,37.1
2018-09-25 00:00:00+00:00,36.4
2018-09-26 00:00:00+00:00,34.3
2018-09-27 00:00:00+00:00,35.0
2018-09-28 00:00:00+00:00,35.0
2018-09-29 00:00:00+00:00,35.0
2018-09-30 00:00:00+00:00,35.7
2018-10-01 00:00:00+00:00,58.5
2018-10-02 00:00:00+00:00,54.6
2018-10-03 00:00:00+00:00,54.6
2018-10-04 00:00:00+00:00,59.8
2018-10-05 00:00:00+00:00,55.25
2018-10-06 00:00:00+00:00,60.45
2018-10-07 00:00:00+00:00,55.9
2018-10-08 00:00:00+00:00,60.45
2018-10-09 00:00:00+00:00,65.0
2018-10-10 00:00:00+00:00,61.75
2018-10-11 00:00:00+00:00,62.4
2018-10-12 00:00:00+00:00,59.8
2018-10-13 00:00:00+00:00,63.05
2018-10-14 00:00:00+00:00,63.05
2018-10-15 00:00:00+00:00,63.05
2018-10-16 00:00:00+00:00,63.7
2018-10-17 00:00:00+00:00,65.0
2018-10-18 00:00:00+00:00,61.1
2018-10-19 00:00:00+00:00,59.8
2018-10-20 00:00:00+00:00,57.85
2018-10-21 00:00:00+00:00,61.75
2018-10-22 00:00:00+00:00,57.85
2018-10-23 00:00:00+00:00,61.75
2018-10-24 00:00:00+00:00,59.8
2018-10-25 00:00:00+00:00,60.45
2018-10-26 00:00:00+00:00,56.55
2018-10-27 00:00:00+00:00,62.4
2018-10-28 00:00:00+00:00,63.05
2018-10-29 00:00:00+00:00,62.4
2018-10-30 00:00:00+00:00,61.1
2018-10-31 00:00:00+00:00,58.5
2018-11-01 00:00:00+00:00,38.64
2018-11-02 00:00:00+00:00,41.4
2018-11-03 00:00:00+00:00,39.33
2018-11-04 00:00:00+00:00,40.71
2018-11-05 00:00:00+00:00,43.47
2018-11-06 00:00:00+00:00,42.78
2018-11-07 00:00:00+00:00,39.33
2018-11-08 00:00:00+00:00,40.02
2018-11-09 00:00:00+00:00,38.64
2018-11-10 00:00:00+00:00,38.64
2018-11-11 00:00:00+00:00,41.4
2018-11-12 00:00:00+00:00,40.02
2018-11-13 00:00:00+00:00,42.78
2018-11-14 00:00:00+00:00,42.09
2018-11-15 00:00:00+00:00,42.09
2018-11-16 00:00:00+00:00,41.4
2018-11-17 00:00:00+00:00,42.78
2018-11-18 00:00:00+00:00,47.61
2018-11-19 00:00:00+00:00,47.61
2018-11-20 00:00:00+00:00,46.23
2018-11-21 00:00:00+00:00,51.06
2018-11-22 00:00:00+00:00,57.96
2018-11-23 00:00:00+00:00,69.0
2018-11-24 00:00:00+00:00,51.75
2018-11-25 00:00:00+00:00,50.37
2018-11-26 00:00:00+00:00,51.06
2018-11-27 00:00:00+00:00,46.23
2018-11-28 00:00:00+00:00,42.09
2018-11-29 00:00:00+00:00,40.02
2018-11-30 00:00:00+00:00,41.4
2018-12-01 00:00:00+00:00,51.59
2018-12-02 00:00:00+00:00,52.26
2018-12-03 00:00:00+00:00,49.58
2018-12-04 00:00:00+00:00,50.25
2018-12-05 00:00:00+00:00,50.25
2018-12-06 00:00:00+00:00,48.24
2018-12-07 00:00:00+00:00,48.24
2018-12-08 00:00:00+00:00,48.24
2018-12-09 00:00:00+00:00,47.57
2018-12-10 00:00:00+00:00,50.92
2018-12-11 00:00:00+00:00,48.91
2018-12-12 00:00:00+00:00,48.24
2018-12-13 00:00:00+00:00,48.91
2018-12-14 00:00:00+00:00,49.58
2018-12-15 00:00:00+00:00,50.25
2018-12-16 00:00:00+00:00,53.6
2018-12-17 00:00:00+00:00,51.59
2018-12-18 00:00:00+00:00,48.91
2018-12-19 00:00:00+00:00,48.24
2018-12-20 00:00:00+00:00,51.59
2018-12-21 00:00:00+00:00,48.91
2018-12-22 00:00:00+00:00,48.91
2018-12-23 00:00:00+00:00,52.93
2018-12-24 00:00:00+00:00,52.26
2018-12-25 00:00:00+00:00,67.0
2018-12-26 00:00:00+00:00,57.62
2018-12-27 00:00:00+00:00,56.95
2018-12-28 00:00:00+00:00,58.96
2018-12-29 00:00:00+00:00,55.61
2018-12-30 00:00:00+00:00,50.25
2018-12-31 00:00:00+00:00,45.56
2019-01-01 00:00:00+00:00,56.07
2019-01-02 00:00:00+00:00,63.0
2019-01-03 00:00:00+00:00,56.7
2019-01-04 00:00:00+00:00,56.07
2019-01-05 00:00:00+00:00,54.81
2019-01-06 00:00:00+00:00,53.55
2019-01-07 00:00:00+00:00,54.81
2019-01-08 00:00:00+00:00,55.44
2019-01-09 00:00:00+00:00,54.81
2019-01-10 00:00:00+00:00,54.18
2019-01-11 00:00:00+00:00,50.4
2019-01-12 00:00:00+00:00,55.44
2019-01-13 00:00:00+00:00,53.55
2019-01-14 00:00:00+00:00,57.33
2019-01-15 00:00:00+00:00,47.88
2019-01-16 00:00:00+00:00,53.55
2019-01-17 00:00:00+00:00,52.92
2019-01-18 00:00:00+00:00,50.4
2019-01-19 00:00:00+00:00,54.18
2019-01-20 00:00:00+00:00,54.81
2019-01-21 00:00:00+00:00,56.7
2019-01-22 00:00:00+00:00,52.29
2019-01-23 00:00:00+00:00,47.25
2019-01-24 00:00:00+00:00,49.77
2019-01-25 00:00:00+00:00,47.88
2019-01-26 00:00:00+00:00,52.92
2019-01-27 00:00:00+00:00,55.44
2019-01-28 00:00:00+00:00,53.55
2019-01-29 00:00:00+00:00,49.14
2019-01-30 00:00:00+00:00,47.25
2019-01-31 00:00:00+00:00,51.66
2019-02-01 00:00:00+00:00,41.4
2019-02-02 00:00:00+00:00,42.78
2019-02-03 00:00:00+00:00,43.47
2019-02-04 00:00:00+00:00,40.71
2019-02-05 00:00:00+00:00,44.85
2019-02-06 00:00:00+00:00,45.54
2019-02-07 00:00:00+00:00,46.92
2019-02-08 00:00:00+00:00,43.47
2019-02-09 00:00:00+00:00,45.54
2019-02-10 00:00:00+00:00,44.16
2019-02-11 00:00:00+00:00,44.85
2019-02-12 00:00:00+00:00,44.16
2019-02-13 00:00:00+00:00,42.09
2019-02-14 00:00:00+00:00,69.0
2019-02-15 00:00:00+00:00,59.34
2019-02-16 00:00:00+00:00,50.37
2019-02-17 00:00:00+00:00,53.13
2019-02-18 00:00:00+00:00,48.3
2019-02-19 00:00:00+00:00,51.06
2019-02-20 00:00:00+00:00,51.75
2019-02-21 00:00:00+00:00,46.92
2019-02-22 00:00:00+00:00,45.54
2019-02-23 00:00:00+00:00,48.3
2019-02-24 00:00:00+00:00,49.68
2019-02-25 00:00:00+00:00,46.23
2019-02-26 00:00:00+00:00,47.61
2019-02-27 00:00:00+00:00,48.99
2019-02-28 00:00:00+00:00,48.99
2019-03-01 00:00:00+00:00,56.73
2019-03-02 00:00:00+00:00,58.56
2019-03-03 00:00:00+00:00,57.34
2019-03-04 00:00:00+00:00,59.17
2019-03-05 00:00:00+00:00,59.17
2019-03-06 00:00:00+00:00,53.07
2019-03-07 00:00:00+00:00,54.29
2019-03-08 00:00:00+00:00,56.73
2019-03-09 00:00:00+00:00,56.73
2019-03-10 00:00:00+00:00,56.12
2019-03-11 00:00:00+00:00,55.51
2019-03-12 00:00:00+00:00,58.56
2019-03-13 00:00:00+00:00,51.85
2019-03-14 00:00:00+00:00,55.51
2019-03-15 00:00:00+00:00,52.46
2019-03-16 00:00:00+00:00,54.9
2019-03-17 00:00:00+00:00,57.95
2019-03-18 00:00:00+00:00,56.12
2019-03-19 00:00:00+00:00,56.12
2019-03-20 00:00:00+00:00,60.39
2019-03-21 00:00:00+00:00,59.78
2019-03-22 00:00:00+00:00,55.51
2019-03-23 00:00:00+00:00,56.12
2019-03-24 00:00:00+00:00,61.0
2019-03-25 00:00:00+00:00,58.56
2019-03-26 00:00:00+00:00,53.07
2019-03-27 00:00:00+00:00,58.56
2019-03-28 00:00:00+00:00,57.95
2019-03-29 00:00:00+00:00,51.24
2019-03-30 00:00:00+00:00,57.34
2019-03-31 00:00:00+00:00,54.29
2019-04-01 00:00:00+00:00,52.08
2019-04-02 00:00:00+00:00,53.94
2019-04-03 00:00:00+00:00,58.28
2019-04-04 00:00:00+00:00,54.56
2019-04-05 00:00:00+00:00,49.6
2019-04-06 00:00:00+00:00,53.94
2019-04-07 00:00:00+00:00,54.56
2019-04-08 00:00:00+00:00,53.32
2019-04-09 00:00:00+00:00,55.18
2019-04-10 00:00:00+00:00,58.9
2019-04-11 00:00:00+00:00,57.04
2019-04-12 00:00:00+00:00,53.94
2019-04-13 00:00:00+00:00,51.46
2019-04-14 00:00:00+00:00,48.98
2019-04-15 00:00:00+00:00,50.22
2019-04-16 00:00:00+00:00,52.7
2019-04-17 00:00:00+00:00,50.22
2019-04-18 00:00:00+00:00,52.08
2019-04-19 00:00:00+00:00,50.84
2019-04-20 00:00:00+00:00,49.6
2019-04-21 00:00:00+00:00,50.84
2019-04-22 00:00:00+00:00,52.7
2019-04-23 00:00:00+00:00,53.32
2019-04-24 00:00:00+00:00,53.94
2019-04-25 00:00:00+00:00,57.04
2019-04-26 00:00:00+00:00,50.22
2019-04-27 00:00:00+00:00,62.0
2019-04-28 00:00:00+00:00,58.28
2019-04-29 00:00:00+00:00,55.8
2019-04-30 00:00:00+00:00,50.22
2019-05-01 00:00:00+00:00,51.0
2019-05-02 00:00:00+00:00,52.2
2019-05-03 00:00:00+00:00,51.0
2019-05-04 00:00:00+00:00,51.6
2019-05-05 00:00:00+00:00,54.0
2019-05-06 00:00:00+00:00,46.2
2019-05-07 00:00:00+00:00,46.8
2019-05-08 00:00:00+00:00,52.8
2019-05-09 00:00:00+00:00,53.4
2019-05-10 00:00:00+00:00,48.0
2019-05-11 00:00:00+00:00,52.2
2019-05-12 00:00:00+00:00,52.8
2019-05-13 00:00:00+00:00,49.8
2019-05-14 00:00:00+00:00,47.4
2019-05-15 00:00:00+00:00,52.8
2019-05-16 00:00:00+00:00,49.8
2019-05-17 00:00:00+00:00,48.6
2019-05-18 00:00:00+00:00,50.4
2019-05-19 00:00:00+00:00,51.0
2019-05-20 00:00:00+00:00,48.6
2019-05-21 00:00:00+00:00,48.0
2019-05-22 00:00:00+00:00,49.8
2019-05-23 00:00:00+00:00,46.2
2019-05-24 00:00:00+00:00,48.6
2019-05-25 00:00:00+00:00,47.4
2019-05-26 00:00:00+00:00,52.2
2019-05-27 00:00:00+00:00,54.6
2019-05-28 00:00:00+00:00,53.4
2019-05-29 00:00:00+00:00,55.8
2019-05-30 00:00:00+00:00,60.0
2019-05-31 00:00:00+00:00,59.4
2019-06-01 00:00:00+00:00,63.0
2019-06-02 00:00:00+00:00,59.85
2019-06-03 00:00:00+00:00,54.18
2019-06-04 00:00:00+00:00,55.44
2019-06-05 00:00:00+00:00,53.55
2019-06-06 00:00:00+00:00,54.81
2019-06-07 00:00:00+00:00,49.14
2019-06-08 00:00:00+00:00,51.66
2019-06-09 00:00:00+00:00,52.92
2019-06-10 00:00:00+00:00,52.29
2019-06-11 00:00:00+00:00,53.55
2019-06-12 00:00:00+00:00,52.29
2019-06-13 00:00:00+00:00,51.66
2019-06-14 00:00:00+00:00,50.4
2019-06-15 00:00:00+00:00,50.4
2019-06-16 00:00:00+00:00,49.14
2019-06-17 00:00:00+00:00,47.88
2019-06-18 00:00:00+00:00,54.18
2019-06-19 00:00:00+00:00,49.14
2019-06-20 00:00:00+00:00,54.18
2019-06-21 00:00:00+00:00,52.29
2019-06-22 00:00:00+00:00,51.03
2019-06-23 00:00:00+00:00,49.77
2019-06-24 00:00:00+00:00,52.29
2019-06-25 00:00:00+00:00,51.03
2019-06-26 00:00:00+00:00,51.66
2019-06-27 00:00:00+00:00,54.81
2019-06-28 00:00:00+00:00,51.03
2019-06-29 00:00:00+00:00,51.66
2019-06-30 00:00:00+00:00,46.62
2019-07-01 00:00:00+00:00,54.0
2019-07-02 00:00:00+00:00,51.0
2019-07-03 00:00:00+00:00,52.8
2019-07-04 00:00:00+00:00,49.2
2019-07-05 00:00:00+00:00,48.0
2019-07-06 00:00:00+00:00,51.0
2019-07-07 00:00:00+00:00,48.6
2019-07-08 00:00:00+00:00,53.4
2019-07-09 00:00:00+00:00,58.2
2019-07-10 00:00:00+00:00,54.0
2019-07-11 00:00:00+00:00,56.4
2019-07-12 00:00:00+00:00,52.8
2019-07-13 00:00:00+00:00,52.2
2019-07-14 00:00:00+00:00,52.2
2019-07-15 00:00:00+00:00,59.4
2019-07-16 00:00:00+00:00,60.0
2019-07-17 00:00:00+00:00,57.6
2019-07-18 00:00:00+00:00,59.4
2019-07-19 00:00:00+00:00,51.6
2019-07-20 00:00:00+00:00,54.6
2019-07-21 00:00:00+00:00,53.4
2019-07-22 00:00:00+00:00,52.8
2019-07-23 00:00:00+00:00,56.4
2019-07-24 00:00:00+00:00,52.8
2019-07-25 00:00:00+00:00,51.6
2019-07-26 00:00:00+00:00,52.2
2019-07-27 00:00:00+00:00,50.4
2019-07-28 00:00:00+00:00,51.6
2019-07-29 00:00:00+00:00,51.6
2019-07-30 00:00:00+00:00,53.4
2019-07-31 00:00:00+00:00,53.4
2019-08-01 00:00:00+00:00,46.97
2019-08-02 00:00:00+00:00,45.75
2019-08-03 00:00:00+00:00,47.58
2019-08-04 00:00:00+00:00,48.19
2019-08-05 00:00:00+00:00,53.07
2019-08-06 00:00:00+00:00,48.8
2019-08-07 00:00:00+00:00,48.19
2019-08-08 00:00:00+00:00,48.19
2019-08-09 00:00:00+00:00,50.02
2019-08-10 00:00:00+00:00,49.41
2019-08-11 00:00:00+00:00,49.41
2019-08-12 00:00:00+00:00,51.85
2019-08-13 00:00:00+00:00,51.24
2019-08-14 00:00:00+00:00,50.63
2019-08-15 00:00:00+00:00,49.41
2019-08-16 00:00:00+00:00,50.02
2019-08-17 00:00:00+00:00,50.63
2019-08-18 00:00:00+00:00,51.85
2019-08-19 00:00:00+00:00,52.46
2019-08-20 00:00:00+00:00,54.29
2019-08-21 00:00:00+00:00,54.29
2019-08-22 00:00:00+00:00,48.19
2019-08-23 00:00:00+00:00,47.58
2019-08-24 00:00:00+00:00,50.02
2019-08-25 00:00:00+00:00,50.02
2019-08-26 00:00:00+00:00,52.46
2019-08-27 00:00:00+00:00,48.19
2019-08-28 00:00:00+00:00,61.0
2019-08-29 00:00:00+00:00,59.17
2019-08-30 00:00:00+00:00,53.68
2019-08-31 00:00:00+00:00,50.63
2019-09-01 00:00:00+00:00,54.9
2019-09-02 00:00:00+00:00,61.0
2019-09-03 00:00:00+00:00,57.95
2019-09-04 00:00:00+00:00,59.17
2019-09-05 00:00:00+00:00,53.68
2019-09-06 00:00:00+00:00,59.17
2019-09-07 00:00:00+00:00,55.51
2019-09-08 00:00:00+00:00,53.68
2019-09-09 00:00:00+00:00,57.34
2019-09-10 00:00:00+00:00,57.95
2019-09-11 00:00:00+00:00,57.95
2019-09-12 00:00:00+00:00,59.78
2019-09-13 00:00:00+00:00,54.9
2019-09-14 00:00:00+00:00,54.29
2019-09-15 00:00:00+00:00,54.29
2019-09-16 00:00:00+00:00,59.17
2019-09-17 00:00:00+00:00,57.95
2019-09-18 00:00:00+00:00,59.17
2019-09-19 00:00:00+00:00,56.73
2019-09-20 00:00:00+00:00,56.12
2019-09-21 00:00:00+00:00,53.68
2019-09-22 00:00:00+00:00,57.95
2019-09-23 00:00:00+00:00,55.51
2019-09-24 00:00:00+00:00,57.95
2019-09-25 00:00:00+00:00,56.73
2019-09-26 00:00:00+00:00,58.56
2019-09-27 00:00:00+00:00,57.95
2019-09-28 00:00:00+00:00,56.12
2019-09-29 00:00:00+00:00,58.56
2019-09-30 00:00:00+00:00,57.34
2019-10-01 00:00:00+00:00,59.0
2019-10-02 00:00:00+00:00,53.1
2019-10-03 00:00:00+00:00,57.23
2019-10-04 00:00:00+00:00,51.92
2019-10-05 00:00:00+00:00,53.69
2019-10-06 00:00:00+00:00,55.46
2019-10-07 00:00:00+00:00,56.64
2019-10-08 00:00:00+00:00,55.46
2019-10-09 00:00:00+00:00,55.46
2019-10-10 00:00:00+00:00,54.87
2019-10-11 00:00:00+00:00,51.33
2019-10-12 00:00:00+00:00,52.51
2019-10-13 00:00:00+00:00,56.05
2019-10-14 00:00:00+00:00,54.87
2019-10-15 00:00:00+00:00,52.51
2019-10-16 00:00:00+00:00,52.51
2019-10-17 00:00:00+00:00,54.28
2019-10-18 00:00:00+00:00,56.64
2019-10-19 00:00:00+00:00,51.33
2019-10-20 00:00:00+00:00,54.28
2019-10-21 00:00:00+00:00,56.64
2019-10-22 00:00:00+00:00,54.28
2019-10-23 00:00:00+00:00,53.69
2019-10-24 00:00:00+00:00,54.28
2019-10-25 00:00:00+00:00,54.28
2019-10-26 00:00:00+00:00,53.1
2019-10-27 00:00:00+00:00,53.69
2019-10-28 00:00:00+00:00,55.46
2019-10-29 00:00:00+00:00,50.74
2019-10-30 00:00:00+00:00,51.33
2019-10-31 00:00:00+00:00,49.56
2019-11-01 00:00:00+00:00,40.3
2019-11-02 00:00:00+00:00,42.25
2019-11-03 00:00:00+00:00,39.65
2019-11-04 00:00:00+00:00,43.55
2019-11-05 00:00:00+00:00,43.55
2019-11-06 00:00:00+00:00,44.2
2019-11-07 00:00:00+00:00,44.2
2019-11-08 00:00:00+00:00,44.2
2019-11-09 00:00:00+00:00,42.9
2019-11-10 00:00:00+00:00,44.85
2019-11-11 00:00:00+00:00,46.15
2019-11-12 00:00:00+00:00,43.55
2019-11-13 00:00:00+00:00,44.85
2019-11-14 00:00:00+00:00,44.2
2019-11-15 00:00:00+00:00,42.9
2019-11-16 00:00:00+00:00,47.45
2019-11-17 00:00:00+00:00,42.9
2019-11-18 00:00:00+00:00,48.1
2019-11-19 00:00:00+00:00,46.8
2019-11-20 00:00:00+00:00,44.85
2019-11-21 00:00:00+00:00,46.15
2019-11-22 00:00:00+00:00,47.45
2019-11-23 00:00:00+00:00,43.55
2019-11-24 00:00:00+00:00,47.45
2019-11-25 00:00:00+00:00,53.3
2019-11-26 00:00:00+00:00,50.7
2019-11-27 00:00:00+00:00,48.1
2019-11-28 00:00:00+00:00,61.1
2019-11-29 00:00:00+00:00,65.0
2019-11-30 00:00:00+00:00,53.3
2019-12-01 00:00:00+00:00,55.9
2019-12-02 00:00:00+00:00,58.5
2019-12-03 00:00:00+00:00,57.85
2019-12-04 00:00:00+00:00,52.0
2019-12-05 00:00:00+00:00,53.3
2019-12-06 00:00:00+00:00,48.1
2019-12-07 00:00:00+00:00,48.75
2019-12-08 00:00:00+00:00,52.0
2019-12-09 00:00:00+00:00,50.05
2019-12-10 00:00:00+00:00,49.4
2019-12-11 00:00:00+00:00,50.7
2019-12-12 00:00:00+00:00,50.7
2019-12-13 00:00:00+00:00,50.05
2019-12-14 00:00:00+00:00,49.4
2019-12-15 00:00:00+00:00,51.35
2019-12-16 00:00:00+00:00,52.0
2019-12-17 00:00:00+00:00,52.0
2019-12-18 00:00:00+00:00,48.75
2019-12-19 00:00:00+00:00,44.85
2019-12-20 00:00:00+00:00,50.05
2019-12-21 00:00:00+00:00,48.75
2019-12-22 00:00:00+00:00,50.05
2019-12-23 00:00:00+00:00,50.05
2019-12-24 00:00:00+00:00,53.3
2019-12-25 00:00:00+00:00,65.0
2019-12-26 00:00:00+00:00,60.45
2019-12-27 00:00:00+00:00,53.95
2019-12-28 00:00:00+00:00,55.25
2019-12-29 00:00:00+00:00,53.3
2019-12-30 00:00:00+00:00,50.7
2019-12-31 00:00:00+00:00,47.45
2020-01-01 00:00:00+00:00,58.28
2020-01-02 00:00:00+00:00,57.66
2020-01-03 00:00:00+00:00,55.18
2020-01-04 00:00:00+00:00,57.66
2020-01-05 00:00:00+00:00,53.94
2020-01-06 00:00:00+00:00,53.94
2020-01-07 00:00:00+00:00,57.66
2020-01-08 00:00:00+00:00,56.42
2020-01-09 00:00:00+00:00,57.04
2020-01-10 00:00:00+00:00,57.04
2020-01-11 00:00:00+00:00,56.42
2020-01-12 00:00:00+00:00,58.28
2020-01-13 00:00:00+00:00,62.0
2020-01-14 00:00:00+00:00,57.04
2020-01-15 00:00:00+00:00,55.8
2020-01-16 00:00:00+00:00,54.56
2020-01-17 00:00:00+00:00,54.56
2020-01-18 00:00:00+00:00,56.42
2020-01-19 00:00:00+00:00,53.94
2020-01-20 00:00:00+00:00,55.18
2020-01-21 00:00:00+00:00,53.94
2020-01-22 00:00:00+00:00,52.08
2020-01-23 00:00:00+00:00,53.94
2020-01-24 00:00:00+00:00,52.08
2020-01-25 00:00:00+00:00,52.08
2020-01-26 00:00:00+00:00,47.74
2020-01-27 00:00:00+00:00,52.08
2020-01-28 00:00:00+00:00,53.32
2020-01-29 00:00:00+00:00,52.08
2020-01-30 00:00:00+00:00,53.94
2020-01-31 00:00:00+00:00,47.74
2020-02-01 00:00:00+00:00,40.8
2020-02-02 00:00:00+00:00,42.0
2020-02-03 00:00:00+00:00,40.8
2020-02-04 00:00:00+00:00,44.4
2020-02-05 00:00:00+00:00,45.0
2020-02-06 00:00:00+00:00,41.4
2020-02-07 00:00:00+00:00,42.0
2020-02-08 00:00:00+00:00,41.4
2020-02-09 00:00:00+00:00,44.4
2020-02-10 00:00:00+00:00,40.8
2020-02-11 00:00:00+00:00,42.0
2020-02-12 00:00:00+00:00,43.2
2020-02-13 00:00:00+00:00,60.0
2020-02-14 00:00:00+00:00,48.0
2020-02-15 00:00:00+00:00,48.6
2020-02-16 00:00:00+00:00,48.0
2020-02-17 00:00:00+00:00,45.0
2020-02-18 00:00:00+00:00,45.6
2020-02-19 00:00:00+00:00,42.6
2020-02-20 00:00:00+00:00,44.4
2020-02-21 00:00:00+00:00,45.6
2020-02-22 00:00:00+00:00,42.6
2020-02-23 00:00:00+00:00,44.4
2020-02-24 00:00:00+00:00,43.2
2020-02-25 00:00:00+00:00,40.8
2020-02-26 00:00:00+00:00,44.4
2020-02-27 00:00:00+00:00,39.6
2020-02-28 00:00:00+00:00,41.4
2020-02-29 00:00:00+00:00,39.0
2020-03-01 00:00:00+00:00,44.16
2020-03-02 00:00:00+00:00,45.6
2020-03-03 00:00:00+00:00,46.08
2020-03-04 00:00:00+00:00,45.6
2020-03-05 00:00:00+00:00,46.56
2020-03-06 00:00:00+00:00,46.56
2020-03-07 00:00:00+00:00,44.16
2020-03-08 00:00:00+00:00,48.0
2020-03-09 00:00:00+00:00,46.08
2020-03-10 00:00:00+00:00,45.6
2020-03-11 00:00:00+00:00,41.76
2020-03-12 00:00:00+00:00,37.44
2020-03-13 00:00:00+00:00,39.84
2020-03-14 00:00:00+00:00,39.36
2020-03-15 00:00:00+00:00,40.8
2020-03-16 00:00:00+00:00,40.32
2020-03-17 00:00:00+00:00,43.68
2020-03-18 00:00:00+00:00,35.52
2020-03-19 00:00:00+00:00,34.08
2020-03-20 00:00:00+00:00,35.04
2020-03-21 00:00:00+00:00,32.16
2020-03-22 00:00:00+00:00,36.48
2020-03-23 00:00:00+00:00,34.08
2020-03-24 00:00:00+00:00,32.16
2020-03-25 00:00:00+00:00,32.16
2020-03-26 00:00:00+00:00,32.16
2020-03-27 00:00:00+00:00,31.68
2020-03-28 00:00:00+00:00,33.6
2020-03-29 00:00:00+00:00,36.96
2020-03-30 00:00:00+00:00,34.56
2020-03-31 00:00:00+00:00,32.16
2020-04-01 00:00:00+00:00,32.83
2020-04-02 00:00:00+00:00,33.32
2020-04-03 00:00:00+00:00,34.79
2020-04-04 00:00:00+00:00,38.71
2020-04-05 00:00:00+00:00,36.26
2020-04-06 00:00:00+00:00,37.24
2020-04-07 00:00:00+00:00,38.71
2020-04-08 00:00:00+00:00,38.71
2020-04-09 00:00:00+00:00,39.2
2020-04-10 00:00:00+00:00,38.71
2020-04-11 00:00:00+00:00,38.71
2020-04-12 00:00:00+00:00,41.65
2020-04-13 00:00:00+00:00,40.18
2020-04-14 00:00:00+00:00,42.63
2020-04-15 00:00:00+00:00,39.69
2020-04-16 00:00:00+00:00,39.2
2020-04-17 00:00:00+00:00,38.22
2020-04-18 00:00:00+00:00,40.67
2020-04-19 00:00:00+00:00,44.59
2020-04-20 00:00:00+00:00,45.08
2020-04-21 00:00:00+00:00,49.0
2020-04-22 00:00:00+00:00,46.06
2020-04-23 00:00:00+00:00,43.61
2020-04-24 00:00:00+00:00,44.1
2020-04-25 00:00:00+00:00,43.61
2020-04-26 00:00:00+00:00,43.12
2020-04-27 00:00:00+00:00,44.59
2020-04-28 00:00:00+00:00,44.1
2020-04-29 00:00:00+00:00,45.57
2020-04-30 00:00:00+00:00,47.04
2020-05-01 00:00:00+00:00,51.33
2020-05-02 00:00:00+00:00,50.15
2020-05-03 00:00:00+00:00,53.69
2020-05-04 00:00:00+00:00,48.97
2020-05-05 00:00:00+00:00,47.79
2020-05-06 00:00:00+00:00,48.38
2020-05-07 00:00:00+00:00,51.33
2020-05-08 00:00:00+00:00,50.74
2020-05-09 00:00:00+00:00,53.1
2020-05-10 00:00:00+00:00,51.33
2020-05-11 00:00:00+00:00,49.56
2020-05-12 00:00:00+00:00,51.33
2020-05-13 00:00:00+00:00,53.69
2020-05-14 00:00:00+00:00,54.87
2020-05-15 00:00:00+00:00,51.92
2020-05-16 00:00:00+00:00,53.69
2020-05-17 00:00:00+00:00,59.0
2020-05-18 00:00:00+00:00,55.46
2020-05-19 00:00:00+00:00,53.1
2020-05-20 00:00:00+00:00,51.92
2020-05-21 00:00:00+00:00,54.28
2020-05-22 00:00:00+00:00,50.74
2020-05-23 00:00:00+00:00,51.92
2020-05-24 00:00:00+00:00,55.46
2020-05-25 00:00:00+00:00,57.82
2020-05-26 00:00:00+00:00,53.1
2020-05-27 00:00:00+00:00,57.82
2020-05-28 00:00:00+00:00,54.87
2020-05-29 00:00:00+00:00,56.05
2020-05-30 00:00:00+00:00,53.1
2020-05-31 00:00:00+00:00,53.69
2020-06-01 00:00:00+00:00,51.85
2020-06-02 00:00:00+00:00,56.73
2020-06-03 00:00:00+00:00,53.07
2020-06-04 00:00:00+00:00,51.24
2020-06-05 00:00:00+00:00,54.29
2020-06-06 00:00:00+00:00,57.34
2020-06-07 00:00:00+00:00,61.0
2020-06-08 00:00:00+00:00,56.73
2020-06-09 00:00:00+00:00,55.51
2020-06-10 00:00:00+00:00,54.9
2020-06-11 00:00:00+00:00,53.68
2020-06-12 00:00:00+00:00,53.68
2020-06-13 00:00:00+00:00,53.68
2020-06-14 00:00:00+00:00,57.34
2020-06-15 00:00:00+00:00,54.9
2020-06-16 00:00:00+00:00,56.73
2020-06-17 00:00:00+00:00,56.12
2020-06-18 00:00:00+00:00,54.9
2020-06-19 00:00:00+00:00,54.9
2020-06-20 00:00:00+00:00,55.51
2020-06-21 00:00:00+00:00,56.12
2020-06-22 00:00:00+00:00,57.95
2020-06-23 00:00:00+00:00,56.12
2020-06-24 00:00:00+00:00,55.51
2020-06-25 00:00:00+00:00,56.73
2020-06-26 00:00:00+00:00,54.9
2020-06-27 00:00:00+00:00,55.51
2020-06-28 00:00:00+00:00,57.34
2020-06-29 00:00:00+00:00,55.51
2020-06-30 00:00:00+00:00,54.9
2020-07-01 00:00:00+00:00,41.6
2020-07-02 00:00:00+00:00,42.9
2020-07-03 00:00:00+00:00,44.2
2020-07-04 00:00:00+00:00,42.25
2020-07-05 00:00:00+00:00,42.25
2020-07-06 00:00:00+00:00,44.2
2020-07-07 00:00:00+00:00,44.2
2020-07-08 00:00:00+00:00,44.85
2020-07-09 00:00:00+00:00,65.0
2020-07-10 00:00:00+00:00,61.1
2020-07-11 00:00:00+00:00,51.35
2020-07-12 00:00:00+00:00,48.1
2020-07-13 00:00:00+00:00,49.4
2020-07-14 00:00:00+00:00,46.15
2020-07-15 00:00:00+00:00,48.1
2020-07-16 00:00:00+00:00,44.85
2020-07-17 00:00:00+00:00,44.85
2020-07-18 00:00:00+00:00,42.25
2020-07-19 00:00:00+00:00,46.8
2020-07-20 00:00:00+00:00,45.5
2020-07-21 00:00:00+00:00,46.8
2020-07-22 00:00:00+00:00,44.2
2020-07-23 00:00:00+00:00,44.2
2020-07-24 00:00:00+00:00,46.15
2020-07-25 00:00:00+00:00,41.6
2020-07-26 00:00:00+00:00,46.15
2020-07-27 00:00:00+00:00,45.5
2020-07-28 00:00:00+00:00,46.15
2020-07-29 00:00:00+00:00,43.55
2020-07-30 00:00:00+00:00,45.5
2020-07-31 00:00:00+00:00,45.5
2020-08-01 00:00:00+00:00,51.46
2020-08-02 00:00:00+00:00,55.18
2020-08-03 00:00:00+00:00,54.56
2020-08-04 00:00:00+00:00,52.08
2020-08-05 00:00:00+00:00,51.46
2020-08-06 00:00:00+00:00,50.84
2020-08-07 00:00:00+00:00,49.6
2020-08-08 00:00:00+00:00,52.7
2020-08-09 00:00:00+00:00,53.94
2020-08-10 00:00:00+00:00,55.18
2020-08-11 00:00:00+00:00,54.56
2020-08-12 00:00:00+00:00,52.7
2020-08-13 00:00:00+00:00,52.7
2020-08-14 00:00:00+00:00,48.36
2020-08-15 00:00:00+00:00,55.18
2020-08-16 00:00:00+00:00,62.0
2020-08-17 00:00:00+00:00,53.94
2020-08-18 00:00:00+00:00,56.42
2020-08-19 00:00:00+00:00,56.42
2020-08-20 00:00:00+00:00,53.32
2020-08-21 00:00:00+00:00,53.32
2020-08-22 00:00:00+00:00,52.7
2020-08-23 00:00:00+00:00,55.18
2020-08-24 00:00:00+00:00,53.32
2020-08-25 00:00:00+00:00,53.32
2020-08-26 00:00:00+00:00,51.46
2020-08-27 00:00:00+00:00,53.94
2020-08-28 00:00:00+00:00,51.46
2020-08-29 00:00:00+00:00,47.74
2020-08-30 00:00:00+00:00,55.8
2020-08-31 00:00:00+00:00,49.6
2020-09-01 00:00:00+00:00,54.52
2020-09-02 00:00:00+00:00,53.36
2020-09-03 00:00:00+00:00,56.26
2020-09-04 00:00:00+00:00,54.52
2020-09-05 00:00:00+00:00,52.78
2020-09-06 00:00:00+00:00,50.46
2020-09-07 00:00:00+00:00,57.42
2020-09-08 00:00:00+00:00,53.94
2020-09-09 00:00:00+00:00,51.62
2020-09-10 00:00:00+00:00,58.0
2020-09-11 00:00:00+00:00,55.1
2020-09-12 00:00:00+00:00,48.72
2020-09-13 00:00:00+00:00,54.52
2020-09-14 00:00:00+00:00,52.2
2020-09-15 00:00:00+00:00,53.36
2020-09-16 00:00:00+00:00,50.46
2020-09-17 00:00:00+00:00,48.14
2020-09-18 00:00:00+00:00,51.04
2020-09-19 00:00:00+00:00,49.88
2020-09-20 00:00:00+00:00,50.46
2020-09-21 00:00:00+00:00,48.72
2020-09-22 00:00:00+00:00,52.78
2020-09-23 00:00:00+00:00,52.2
2020-09-24 00:00:00+00:00,54.52
2020-09-25 00:00:00+00:00,52.2
2020-09-26 00:00:00+00:00,58.0
2020-09-27 00:00:00+00:00,51.04
2020-09-28 00:00:00+00:00,51.62
2020-09-29 00:00:00+00:00,48.72
2020-09-30 00:00:00+00:00,45.24
2020-10-01 00:00:00+00:00,50.05
2020-10-02 00:00:00+00:00,51.7
2020-10-03 00:00:00+00:00,51.15
2020-10-04 00:00:00+00:00,52.8
2020-10-05 00:00:00+00:00,52.8
2020-10-06 00:00:00+00:00,53.35
2020-10-07 00:00:00+00:00,52.25
2020-10-08 00:00:00+00:00,48.95
2020-10-09 00:00:00+00:00,47.85
2020-10-10 00:00:00+00:00,52.25
2020-10-11 00:00:00+00:00,50.6
2020-10-12 00:00:00+00:00,53.35
2020-10-13 00:00:00+00:00,52.8
2020-10-14 00:00:00+00:00,55.0
2020-10-15 00:00:00+00:00,53.35
2020-10-16 00:00:00+00:00,50.05
2020-10-17 00:00:00+00:00,48.4
2020-10-18 00:00:00+00:00,51.15
2020-10-19 00:00:00+00:00,50.05
2020-10-20 00:00:00+00:00,50.05
2020-10-21 00:00:00+00:00,50.05
2020-10-22 00:00:00+00:00,48.95
2020-10-23 00:00:00+00:00,52.25
2020-10-24 00:00:00+00:00,50.05
2020-10-25 00:00:00+00:00,48.4
2020-10-26 00:00:00+00:00,52.8
2020-10-27 00:00:00+00:00,52.8
2020-10-28 00:00:00+00:00,50.05
2020-10-29 00:00:00+00:00,50.6
2020-10-30 00:00:00+00:00,51.7
2020-10-31 00:00:00+00:00,50.05
2020-11-01 00:00:00+00:00,42.0
2020-11-02 00:00:00+00:00,42.0
2020-11-03 00:00:00+00:00,43.12
2020-11-04 00:00:00+00:00,34.16
2020-11-05 00:00:00+00:00,38.64
2020-11-06 00:00:00+00:00,38.64
2020-11-07 00:00:00+00:00,39.76
2020-11-08 00:00:00+00:00,41.44
2020-11-09 00:00:00+00:00,44.24
2020-11-10 00:00:00+00:00,43.12
2020-11-11 00:00:00+00:00,44.24
2020-11-12 00:00:00+00:00,42.56
2020-11-13 00:00:00+00:00,42.56
2020-11-14 00:00:00+00:00,45.36
2020-11-15 00:00:00+00:00,43.68
2020-11-16 00:00:00+00:00,45.36
2020-11-17 00:00:00+00:00,44.8
2020-11-18 00:00:00+00:00,43.12
2020-11-19 00:00:00+00:00,45.92
2020-11-20 00:00:00+00:00,47.6
2020-11-21 00:00:00+00:00,52.08
2020-11-22 00:00:00+00:00,49.84
2020-11-23 00:00:00+00:00,48.16
2020-11-24 00:00:00+00:00,51.52
2020-11-25 00:00:00+00:00,50.96
2020-11-26 00:00:00+00:00,49.84
2020-11-27 00:00:00+00:00,56.0
2020-11-28 00:00:00+00:00,52.08
2020-11-29 00:00:00+00:00,50.4
2020-11-30 00:00:00+00:00,52.08
2020-12-01 00:00:00+00:00,50.74
2020-12-02 00:00:00+00:00,44.84
2020-12-03 00:00:00+00:00,44.84
2020-12-04 00:00:00+00:00,45.43
2020-12-05 00:00:00+00:00,47.79
2020-12-06 00:00:00+00:00,44.84
2020-12-07 00:00:00+00:00,46.02
2020-12-08 00:00:00+00:00,45.43
2020-12-09 00:00:00+00:00,46.02
2020-12-10 00:00:00+00:00,47.2
2020-12-11 00:00:00+00:00,43.66
2020-12-12 00:00:00+00:00,44.84
2020-12-13 00:00:00+00:00,44.25
2020-12-14 00:00:00+00:00,46.61
2020-12-15 00:00:00+00:00,46.02
2020-12-16 00:00:00+00:00,46.02
2020-12-17 00:00:00+00:00,41.89
2020-12-18 00:00:00+00:00,42.48
2020-12-19 00:00:00+00:00,45.43
2020-12-20 00:00:00+00:00,48.97
2020-12-21 00:00:00+00:00,47.79
2020-12-22 00:00:00+00:00,44.84
2020-12-23 00:00:00+00:00,45.43
2020-12-24 00:00:00+00:00,47.79
2020-12-25 00:00:00+00:00,59.0
2020-12-26 00:00:00+00:00,56.64
2020-12-27 00:00:00+00:00,52.51
2020-12-28 00:00:00+00:00,49.56
2020-12-29 00:00:00+00:00,49.56
2020-12-30 00:00:00+00:00,51.33
2020-12-31 00:00:00+00:00,42.48
2021-01-01 00:00:00+00:00,50.16
2021-01-02 00:00:00+00:00,52.44
2021-01-03 00:00:00+00:00,53.01
2021-01-04 00:00:00+00:00,52.44
2021-01-05 00:00:00+00:00,50.73
2021-01-06 00:00:00+00:00,50.16
2021-01-07 00:00:00+00:00,51.87
2021-01-08 00:00:00+00:00,52.44
2021-01-09 00:00:00+00:00,51.3
2021-01-10 00:00:00+00:00,57.0
2021-01-11 00:00:00+00:00,47.88
2021-01-12 00:00:00+00:00,50.16
2021-01-13 00:00:00+00:00,49.59
2021-01-14 00:00:00+00:00,51.3
2021-01-15 00:00:00+00:00,48.45
2021-01-16 00:00:00+00:00,50.16
2021-01-17 00:00:00+00:00,48.45
2021-01-18 00:00:00+00:00,50.73
2021-01-19 00:00:00+00:00,50.16
2021-01-20 00:00:00+00:00,49.02
2021-01-21 00:00:00+00:00,49.02
2021-01-22 00:00:00+00:00,50.73
2021-01-23 00:00:00+00:00,47.31
2021-01-24 00:00:00+00:00,47.88
2021-01-25 00:00:00+00:00,50.16
2021-01-26 00:00:00+00:00,49.02
2021-01-27 00:00:00+00:00,45.03
2021-01-28 00:00:00+00:00,47.88
2021-01-29 00:00:00+00:00,47.31
2021-01-30 00:00:00+00:00,49.59
2021-01-31 00:00:00+00:00,50.16
2021-02-01 00:00:00+00:00,49.28
2021-02-02 00:00:00+00:00,48.16
2021-02-03 00:00:00+00:00,47.04
2021-02-04 00:00:00+00:00,48.72
2021-02-05 00:00:00+00:00,48.16
2021-02-06 00:00:00+00:00,49.84
2021-02-07 00:00:00+00:00,54.88
2021-02-08 00:00:00+00:00,49.84
2021-02-09 00:00:00+00:00,53.2
2021-02-10 00:00:00+00:00,54.32
2021-02-11 00:00:00+00:00,54.88
2021-02-12 00:00:00+00:00,56.0
2021-02-13 00:00:00+00:00,52.64
2021-02-14 00:00:00+00:00,52.64
2021-02-15 00:00:00+00:00,50.96
2021-02-16 00:00:00+00:00,52.08
2021-02-17 00:00:00+00:00,47.6
2021-02-18 00:00:00+00:00,50.4
2021-02-19 00:00:00+00:00,50.4
2021-02-20 00:00:00+00:00,48.72
2021-02-21 00:00:00+00:00,50.4
2021-02-22 00:00:00+00:00,52.64
2021-02-23 00:00:00+00:00,47.6
2021-02-24 00:00:00+00:00,48.72
2021-02-25 00:00:00+00:00,47.04
2021-02-26 00:00:00+00:00,47.04
2021-02-27 00:00:00+00:00,48.72
2021-02-28 00:00:00+00:00,48.72
2021-03-01 00:00:00+00:00,50.22
2021-03-02 00:00:00+00:00,54.0
2021-03-03 00:00:00+00:00,47.52
2021-03-04 00:00:00+00:00,46.98
2021-03-05 00:00:00+00:00,43.74
2021-03-06 00:00:00+00:00,45.36
2021-03-07 00:00:00+00:00,45.9
2021-03-08 00:00:00+00:00,43.2
2021-03-09 00:00:00+00:00,44.28
2021-03-10 00:00:00+00:00,46.98
2021-03-11 00:00:00+00:00,44.82
2021-03-12 00:00:00+00:00,44.82
2021-03-13 00:00:00+00:00,46.98
2021-03-14 00:00:00+00:00,46.44
2021-03-15 00:00:00+00:00,48.06
2021-03-16 00:00:00+00:00,46.98
2021-03-17 00:00:00+00:00,48.6
2021-03-18 00:00:00+00:00,46.98
2021-03-19 00:00:00+00:00,44.28
2021-03-20 00:00:00+00:00,43.2
2021-03-21 00:00:00+00:00,45.9
2021-03-22 00:00:00+00:00,46.44
2021-03-23 00:00:00+00:00,42.66
2021-03-24 00:00:00+00:00,47.52
2021-03-25 00:00:00+00:00,44.28
2021-03-26 00:00:00+00:00,42.12
2021-03-27 00:00:00+00:00,44.28
2021-03-28 00:00:00+00:00,44.28
2021-03-29 00:00:00+00:00,45.36
2021-03-30 00:00:00+00:00,46.44
2021-03-31 00:00:00+00:00,45.36
2021-04-01 00:00:00+00:00,51.62
2021-04-02 00:00:00+00:00,58.0
2021-04-03 00:00:00+00:00,48.72
2021-04-04 00:00:00+00:00,50.46
2021-04-05 00:00:00+00:00,54.52
2021-04-06 00:00:00+00:00,49.3
2021-04-07 00:00:00+00:00,47.56
2021-04-08 00:00:00+00:00,45.82
2021-04-09 00:00:00+00:00,42.34
2021-04-10 00:00:00+00:00,45.24
2021-04-11 00:00:00+00:00,45.82
2021-04-12 00:00:00+00:00,42.34
2021-04-13 00:00:00+00:00,49.88
2021-04-14 00:00:00+00:00,56.26
2021-04-15 00:00:00+00:00,51.62
2021-04-16 00:00:00+00:00,47.56
2021-04-17 00:00:00+00:00,47.56
2021-04-18 00:00:00+00:00,46.4
2021-04-19 00:00:00+00:00,47.56
2021-04-20 00:00:00+00:00,47.56
2021-04-21 00:00:00+00:00,45.82
2021-04-22 00:00:00+00:00,46.98
2021-04-23 00:00:00+00:00,45.24
2021-04-24 00:00:00+00:00,43.5
2021-04-25 00:00:00+00:00,42.92
2021-04-26 00:00:00+00:00,42.34
2021-04-27 00:00:00+00:00,42.92
2021-04-28 00:00:00+00:00,42.92
2021-04-29 00:00:00+00:00,43.5
2021-04-30 00:00:00+00:00,44.66
2021-05-01 00:00:00+00:00,33.39
2021-05-02 00:00:00+00:00,34.65
2021-05-03 00:00:00+00:00,37.17
2021-05-04 00:00:00+00:00,36.54
2021-05-05 00:00:00+00:00,42.21
2021-05-06 00:00:00+00:00,63.0
2021-05-07 00:00:00+00:00,52.92
2021-05-08 00:00:00+00:00,42.84
2021-05-09 00:00:00+00:00,40.32
2021-05-10 00:00:00+00:00,43.47
2021-05-11 00:00:00+00:00,57.33
2021-05-12 00:00:00+00:00,59.22
2021-05-13 00:00:00+00:00,43.47
2021-05-14 00:00:00+00:00,42.21
2021-05-15 00:00:00+00:00,42.21
2021-05-16 00:00:00+00:00,37.8
2021-05-17 00:00:00+00:00,39.69
2021-05-18 00:00:00+00:00,40.32
2021-05-19 00:00:00+00:00,39.06
2021-05-20 00:00:00+00:00,37.17
2021-05-21 00:00:00+00:00,35.28
2021-05-22 00:00:00+00:00,34.02
2021-05-23 00:00:00+00:00,34.65
2021-05-24 00:00:00+00:00,38.43
2021-05-25 00:00:00+00:00,34.65
2021-05-26 00:00:00+00:00,39.06
2021-05-27 00:00:00+00:00,39.06
2021-05-28 00:00:00+00:00,34.02
2021-05-29 00:00:00+00:00,35.28
2021-05-30 00:00:00+00:00,34.02
2021-05-31 00:00:00+00:00,35.91
2021-06-01 00:00:00+00:00,45.5
2021-06-02 00:00:00+00:00,50.0
2021-06-03 00:00:00+00:00,46.5
2021-06-04 00:00:00+00:00,44.5
2021-06-05 00:00:00+00:00,45.5
2021-06-06 00:00:00+00:00,45.0
2021-06-07 00:00:00+00:00,43.5
2021-06-08 00:00:00+00:00,42.0
2021-06-09 00:00:00+00:00,42.5
2021-06-10 00:00:00+00:00,42.5
2021-06-11 00:00:00+00:00,41.0
2021-06-12 00:00:00+00:00,45.0
2021-06-13 00:00:00+00:00,42.0
2021-06-14 00:00:00+00:00,42.0
2021-06-15 00:00:00+00:00,44.0
2021-06-16 00:00:00+00:00,40.0
2021-06-17 00:00:00+00:00,42.0
2021-06-18 00:00:00+00:00,39.5
2021-06-19 00:00:00+00:00,41.0
2021-06-20 00:00:00+00:00,41.0
2021-06-21 00:00:00+00:00,41.0
2021-06-22 00:00:00+00:00,45.0
2021-06-23 00:00:00+00:00,40.0
2021-06-24 00:00:00+00:00,42.5
2021-06-25 00:00:00+00:00,45.0
2021-06-26 00:00:00+00:00,42.0
2021-06-27 00:00:00+00:00,41.0
2021-06-28 00:00:00+00:00,40.5
2021-06-29 00:00:00+00:00,43.0
2021-06-30 00:00:00+00:00,43.0
2021-07-01 00:00:00+00:00,42.14
2021-07-02 00:00:00+00:00,44.1
2021-07-03 00:00:00+00:00,43.61
2021-07-04 00:00:00+00:00,46.06
2021-07-05 00:00:00+00:00,45.57
2021-07-06 00:00:00+00:00,43.12
2021-07-07 00:00:00+00:00,44.59
2021-07-08 00:00:00+00:00,45.08
2021-07-09 00:00:00+00:00,49.0
2021-07-10 00:00:00+00:00,44.59
2021-07-11 00:00:00+00:00,43.61
2021-07-12 00:00:00+00:00,47.53
2021-07-13 00:00:00+00:00,44.59
2021-07-14 00:00:00+00:00,46.06
2021-07-15 00:00:00+00:00,42.63
2021-07-16 00:00:00+00:00,45.08
2021-07-17 00:00:00+00:00,45.08
2021-07-18 00:00:00+00:00,43.61
2021-07-19 00:00:00+00:00,46.55
2021-07-20 00:00:00+00:00,45.57
2021-07-21 00:00:00+00:00,43.61
2021-07-22 00:00:00+00:00,42.63
2021-07-23 00:00:00+00:00,39.2
2021-07-24 00:00:00+00:00,44.1
2021-07-25 00:00:00+00:00,46.55
2021-07-26 00:00:00+00:00,45.57
2021-07-27 00:00:00+00:00,45.57
2021-07-28 00:00:00+00:00,43.61
2021-07-29 00:00:00+00:00,44.1
2021-07-30 00:00:00+00:00,43.61
2021-07-31 00:00:00+00:00,45.08
2021-08-01 00:00:00+00:00,45.0
2021-08-02 00:00:00+00:00,45.5
2021-08-03 00:00:00+00:00,43.0
2021-08-04 00:00:00+00:00,46.5
2021-08-05 00:00:00+00:00,46.0
2021-08-06 00:00:00+00:00,43.5
2021-08-07 00:00:00+00:00,46.5
2021-08-08 00:00:00+00:00,44.5
2021-08-09 00:00:00+00:00,45.0
2021-08-10 00:00:00+00:00,46.5
2021-08-11 00:00:00+00:00,49.0
2021-08-12 00:00:00+00:00,47.0
2021-08-13 00:00:00+00:00,46.5
2021-08-14 00:00:00+00:00,42.0
2021-08-15 00:00:00+00:00,46.0
2021-08-16 00:00:00+00:00,46.5
2021-08-17 00:00:00+00:00,44.0
2021-08-18 00:00:00+00:00,48.5
2021-08-19 00:00:00+00:00,47.5
2021-08-20 00:00:00+00:00,45.5
2021-08-21 00:00:00+00:00,46.5
2021-08-22 00:00:00+00:00,49.0
2021-08-23 00:00:00+00:00,50.0
2021-08-24 00:00:00+00:00,47.0
2021-08-25 00:00:00+00:00,48.0
2021-08-26 00:00:00+00:00,48.5
2021-08-27 00:00:00+00:00,44.0
2021-08-28 00:00:00+00:00,45.5
2021-08-29 00:00:00+00:00,44.5
2021-08-30 00:00:00+00:00,47.5
2021-08-31 00:00:00+00:00,48.0
2021-09-01 00:00:00+00:00,46.92
2021-09-02 00:00:00+00:00,44.37
2021-09-03 00:00:00+00:00,45.39
2021-09-04 00:00:00+00:00,47.94
2021-09-05 00:00:00+00:00,46.41
2021-09-06 00:00:00+00:00,47.94
2021-09-07 00:00:00+00:00,46.92
2021-09-08 00:00:00+00:00,44.88
2021-09-09 00:00:00+00:00,45.39
2021-09-10 00:00:00+00:00,44.37
2021-09-11 00:00:00+00:00,39.27
2021-09-12 00:00:00+00:00,44.37
2021-09-13 00:00:00+00:00,45.9
2021-09-14 00:00:00+00:00,51.0
2021-09-15 00:00:00+00:00,49.98
2021-09-16 00:00:00+00:00,49.98
2021-09-17 00:00:00+00:00,49.47
2021-09-18 00:00:00+00:00,44.88
2021-09-19 00:00:00+00:00,43.86
2021-09-20 00:00:00+00:00,47.43
2021-09-21 00:00:00+00:00,46.41
2021-09-22 00:00:00+00:00,44.88
2021-09-23 00:00:00+00:00,44.37
2021-09-24 00:00:00+00:00,45.9
2021-09-25 00:00:00+00:00,40.29
2021-09-26 00:00:00+00:00,40.8
2021-09-27 00:00:00+00:00,44.88
2021-09-28 00:00:00+00:00,41.31
2021-09-29 00:00:00+00:00,46.41
2021-09-30 00:00:00+00:00,42.84
2021-10-01 00:00:00+00:00,47.04
2021-10-02 00:00:00+00:00,40.8
2021-10-03 00:00:00+00:00,46.56
2021-10-04 00:00:00+00:00,44.16
2021-10-05 00:00:00+00:00,45.12
2021-10-06 00:00:00+00:00,45.6
2021-10-07 00:00:00+00:00,45.6
2021-10-08 00:00:00+00:00,45.6
2021-10-09 00:00:00+00:00,41.28
2021-10-10 00:00:00+00:00,41.28
2021-10-11 00:00:00+00:00,43.2
2021-10-12 00:00:00+00:00,46.08
2021-10-13 00:00:00+00:00,44.16
2021-10-14 00:00:00+00:00,48.0
2021-10-15 00:00:00+00:00,45.6
2021-10-16 00:00:00+00:00,44.64
2021-10-17 00:00:00+00:00,46.08
2021-10-18 00:00:00+00:00,43.68
2021-10-19 00:00:00+00:00,46.08
2021-10-20 00:00:00+00:00,45.6
2021-10-21 00:00:00+00:00,47.04
2021-10-22 00:00:00+00:00,45.12
2021-10-23 00:00:00+00:00,47.04
2021-10-24 00:00:00+00:00,46.56
2021-10-25 00:00:00+00:00,44.64
2021-10-26 00:00:00+00:00,47.04
2021-10-27 00:00:00+00:00,46.08
2021-10-28 00:00:00+00:00,46.08
2021-10-29 00:00:00+00:00,44.16
2021-10-30 00:00:00+00:00,44.64
2021-10-31 00:00:00+00:00,47.04
2021-11-01 00:00:00+00:00,41.82
2021-11-02 00:00:00+00:00,42.33
2021-11-03 00:00:00+00:00,39.78
2021-11-04 00:00:00+00:00,41.82
2021-11-05 00:00:00+00:00,41.82
2021-11-06 00:00:00+00:00,37.23
2021-11-07 00:00:00+00:00,42.84
2021-11-08 00:00:00+00:00,40.8
2021-11-09 00:00:00+00:00,44.88
2021-11-10 00:00:00+00:00,42.84
2021-11-11 00:00:00+00:00,43.35
2021-11-12 00:00:00+00:00,40.8
2021-11-13 00:00:00+00:00,41.82
2021-11-14 00:00:00+00:00,40.8
2021-11-15 00:00:00+00:00,41.82
2021-11-16 00:00:00+00:00,41.31
2021-11-17 00:00:00+00:00,39.78
2021-11-18 00:00:00+00:00,40.8
2021-11-19 00:00:00+00:00,42.84
2021-11-20 00:00:00+00:00,40.8
2021-11-21 00:00:00+00:00,43.35
2021-11-22 00:00:00+00:00,47.94
2021-11-23 00:00:00+00:00,44.88
2021-11-24 00:00:00+00:00,45.9
2021-11-25 00:00:00+00:00,48.45
2021-11-26 00:00:00+00:00,51.0
2021-11-27 00:00:00+00:00,42.33
2021-11-28 00:00:00+00:00,40.8
2021-11-29 00:00:00+00:00,42.33
2021-11-30 00:00:00+00:00,43.35
2021-12-01 00:00:00+00:00,42.64
2021-12-02 00:00:00+00:00,42.12
2021-12-03 00:00:00+00:00,42.12
2021-12-04 00:00:00+00:00,41.6
2021-12-05 00:00:00+00:00,39.52
2021-12-06 00:00:00+00:00,40.56
2021-12-07 00:00:00+00:00,40.56
2021-12-08 00:00:00+00:00,46.28
2021-12-09 00:00:00+00:00,40.56
2021-12-10 00:00:00+00:00,40.04
2021-12-11 00:00:00+00:00,43.16
2021-12-12 00:00:00+00:00,41.08
2021-12-13 00:00:00+00:00,40.56
2021-12-14 00:00:00+00:00,42.12
2021-12-15 00:00:00+00:00,39.0
2021-12-16 00:00:00+00:00,38.48
2021-12-17 00:00:00+00:00,41.6
2021-12-18 00:00:00+00:00,37.96
2021-12-19 00:00:00+00:00,36.92
2021-12-20 00:00:00+00:00,39.0
2021-12-21 00:00:00+00:00,38.48
2021-12-22 00:00:00+00:00,39.0
2021-12-23 00:00:00+00:00,39.0
2021-12-24 00:00:00+00:00,43.16
2021-12-25 00:00:00+00:00,52.0
2021-12-26 00:00:00+00:00,47.32
2021-12-27 00:00:00+00:00,45.24
2021-12-28 00:00:00+00:00,44.72
2021-12-29 00:00:00+00:00,42.12
2021-12-30 00:00:00+00:00,42.64
2021-12-31 00:00:00+00:00,38.48
2022-01-01 00:00:00+00:00,47.5
2022-01-02 00:00:00+00:00,49.0
2022-01-03 00:00:00+00:00,50.0
2022-01-04 00:00:00+00:00,49.0
2022-01-05 00:00:00+00:00,44.5
2022-01-06 00:00:00+00:00,46.0
2022-01-07 00:00:00+00:00,48.0
2022-01-08 00:00:00+00:00,47.5
2022-01-09 00:00:00+00:00,47.0
2022-01-10 00:00:00+00:00,45.0
2022-01-11 00:00:00+00:00,48.0
2022-01-12 00:00:00+00:00,48.0
2022-01-13 00:00:00+00:00,46.0
2022-01-14 00:00:00+00:00,47.5
2022-01-15 00:00:00+00:00,45.0
2022-01-16 00:00:00+00:00,43.5
2022-01-17 00:00:00+00:00,46.5
2022-01-18 00:00:00+00:00,45.5
2022-01-19 00:00:00+00:00,48.5
2022-01-20 00:00:00+00:00,49.5
2022-01-21 00:00:00+00:00,49.0
2022-01-22 00:00:00+00:00,43.5
2022-01-23 00:00:00+00:00,43.5
2022-01-24 00:00:00+00:00,48.5
2022-01-25 00:00:00+00:00,47.0
2022-01-26 00:00:00+00:00,44.5
2022-01-27 00:00:00+00:00,46.5
2022-01-28 00:00:00+00:00,47.0
2022-01-29 00:00:00+00:00,45.5
2022-01-30 00:00:00+00:00,48.5
2022-01-31 00:00:00+00:00,44.5
2022-02-01 00:00:00+00:00,42.77
2022-02-02 00:00:00+00:00,44.18
2022-02-03 00:00:00+00:00,40.89
2022-02-04 00:00:00+00:00,41.83
2022-02-05 00:00:00+00:00,39.48
2022-02-06 00:00:00+00:00,42.3
2022-02-07 00:00:00+00:00,43.71
2022-02-08 00:00:00+00:00,47.0
2022-02-09 00:00:00+00:00,42.77
2022-02-10 00:00:00+00:00,44.65
2022-02-11 00:00:00+00:00,38.07
2022-02-12 00:00:00+00:00,38.54
2022-02-13 00:00:00+00:00,40.42
2022-02-14 00:00:00+00:00,41.83
2022-02-15 00:00:00+00:00,44.65
2022-02-16 00:00:00+00:00,42.3
2022-02-17 00:00:00+00:00,43.24
2022-02-18 00:00:00+00:00,38.07
2022-02-19 00:00:00+00:00,40.42
2022-02-20 00:00:00+00:00,42.77
2022-02-21 00:00:00+00:00,44.18
2022-02-22 00:00:00+00:00,42.3
2022-02-23 00:00:00+00:00,44.65
2022-02-24 00:00:00+00:00,39.01
2022-02-25 00:00:00+00:00,36.19
2022-02-26 00:00:00+00:00,37.13
2022-02-27 00:00:00+00:00,38.07
2022-02-28 00:00:00+00:00,43.71
2022-03-01 00:00:00+00:00,39.6
2022-03-02 00:00:00+00:00,37.84
2022-03-03 00:00:00+00:00,38.72
2022-03-04 00:00:00+00:00,39.16
2022-03-05 00:00:00+00:00,33.44
2022-03-06 00:00:00+00:00,35.2
2022-03-07 00:00:00+00:00,38.72
2022-03-08 00:00:00+00:00,40.04
2022-03-09 00:00:00+00:00,39.6
2022-03-10 00:00:00+00:00,37.84
2022-03-11 00:00:00+00:00,39.6
2022-03-12 00:00:00+00:00,38.28
2022-03-13 00:00:00+00:00,39.6
2022-03-14 00:00:00+00:00,41.8
2022-03-15 00:00:00+00:00,39.6
2022-03-16 00:00:00+00:00,40.92
2022-03-17 00:00:00+00:00,39.6
2022-03-18 00:00:00+00:00,40.92
2022-03-19 00:00:00+00:00,35.64
2022-03-20 00:00:00+00:00,40.04
2022-03-21 00:00:00+00:00,42.68
2022-03-22 00:00:00+00:00,40.04
2022-03-23 00:00:00+00:00,40.92
2022-03-24 00:00:00+00:00,44.0
2022-03-25 00:00:00+00:00,38.72
2022-03-26 00:00:00+00:00,40.04
2022-03-27 00:00:00+00:00,38.72
2022-03-28 00:00:00+00:00,41.8
2022-03-29 00:00:00+00:00,39.16
2022-03-30 00:00:00+00:00,40.92
2022-03-31 00:00:00+00:00,40.48
2022-04-01 00:00:00+00:00,43.68
2022-04-02 00:00:00+00:00,44.64
2022-04-03 00:00:00+00:00,46.08
2022-04-04 00:00:00+00:00,43.68
2022-04-05 00:00:00+00:00,46.56
2022-04-06 00:00:00+00:00,48.0
2022-04-07 00:00:00+00:00,47.04
2022-04-08 00:00:00+00:00,44.16
2022-04-09 00:00:00+00:00,43.2
2022-04-10 00:00:00+00:00,44.16
2022-04-11 00:00:00+00:00,42.72
2022-04-12 00:00:00+00:00,45.12
2022-04-13 00:00:00+00:00,47.04
2022-04-14 00:00:00+00:00,47.52
2022-04-15 00:00:00+00:00,47.52
2022-04-16 00:00:00+00:00,40.8
2022-04-17 00:00:00+00:00,44.16
2022-04-18 00:00:00+00:00,48.0
2022-04-19 00:00:00+00:00,46.56
2022-04-20 00:00:00+00:00,44.64
2022-04-21 00:00:00+00:00,46.56
2022-04-22 00:00:00+00:00,43.2
2022-04-23 00:00:00+00:00,41.28
2022-04-24 00:00:00+00:00,42.72
2022-04-25 00:00:00+00:00,42.72
2022-04-26 00:00:00+00:00,43.68
2022-04-27 00:00:00+00:00,46.56
2022-04-28 00:00:00+00:00,45.6
2022-04-29 00:00:00+00:00,43.68
2022-04-30 00:00:00+00:00,44.64
2022-05-01 00:00:00+00:00,43.24
2022-05-02 00:00:00+00:00,46.53
2022-05-03 00:00:00+00:00,43.71
2022-05-04 00:00:00+00:00,43.71
2022-05-05 00:00:00+00:00,43.24
2022-05-06 00:00:00+00:00,43.71
2022-05-07 00:00:00+00:00,39.48
2022-05-08 00:00:00+00:00,40.89
2022-05-09 00:00:00+00:00,43.71
2022-05-10 00:00:00+00:00,47.0
2022-05-11 00:00:00+00:00,43.71
2022-05-12 00:00:00+00:00,43.24
2022-05-13 00:00:00+00:00,46.06
2022-05-14 00:00:00+00:00,43.24
2022-05-15 00:00:00+00:00,40.42
2022-05-16 00:00:00+00:00,43.24
2022-05-17 00:00:00+00:00,45.59
2022-05-18 00:00:00+00:00,43.24
2022-05-19 00:00:00+00:00,45.12
2022-05-20 00:00:00+00:00,45.12
2022-05-21 00:00:00+00:00,41.36
